2026-07-08 12:48:56,911 [INFO] apcs.osc: OSC bridge ready -> 127.0.0.1:7000
2026-07-08 12:49:09,568 [INFO] apcs.main: ============================================================
2026-07-08 12:49:09,568 [INFO] apcs.main: APCS - Adaptive Projection Calibration System
2026-07-08 12:49:09,568 [INFO] apcs.main: Content  : C:\Users\Admin\Downloads\test.mp4
2026-07-08 12:49:09,568 [INFO] apcs.main: Depth    : simulated
2026-07-08 12:49:09,573 [INFO] apcs.main: Mode     : AVOID
2026-07-08 12:49:09,573 [INFO] apcs.main: Clipping : 50cm - 450cm
2026-07-08 12:49:09,573 [INFO] apcs.main: Smoothing: 5 frames
2026-07-08 12:49:09,573 [INFO] apcs.main: OSC      : enabled -> 127.0.0.1:7000
2026-07-08 12:49:09,573 [INFO] apcs.main: Video out: window
2026-07-08 12:49:09,573 [INFO] apcs.main: Controls : Q=quit | SPACE=pause | C=recalibrate | O=mode | D=debug
2026-07-08 12:49:09,573 [INFO] apcs.main: ============================================================
2026-07-08 12:51:06,631 [INFO] apcs.main: APCS stopped.
2026-07-08 14:21:17,351 [INFO] apcs.osc: OSC bridge ready -> 127.0.0.1:7000
2026-07-08 14:21:17,495 [INFO] apcs.video_output: Spout sender 'APCS_Output' ready. In TouchDesigner, add a Spout In TOP and select this sender.
2026-07-08 14:21:26,921 [INFO] apcs.main: ============================================================
2026-07-08 14:21:26,922 [INFO] apcs.main: APCS - Adaptive Projection Calibration System
2026-07-08 14:21:26,923 [INFO] apcs.main: Content  : C:\Users\Admin\Downloads\test.mp4
2026-07-08 14:21:26,924 [INFO] apcs.main: Depth    : kinect_v2
2026-07-08 14:21:26,925 [INFO] apcs.main: Mode     : AVOID
2026-07-08 14:21:26,925 [INFO] apcs.main: Clipping : 50cm - 450cm
2026-07-08 14:21:26,926 [INFO] apcs.main: Smoothing: 5 frames
2026-07-08 14:21:26,927 [INFO] apcs.main: OSC      : enabled -> 127.0.0.1:7000
2026-07-08 14:21:26,928 [INFO] apcs.main: Video out: spout
2026-07-08 14:21:26,928 [INFO] apcs.main: Controls : Q=quit | SPACE=pause | C=recalibrate | O=mode | D=debug
2026-07-08 14:21:26,929 [INFO] apcs.main: ============================================================
2026-07-08 14:21:26,941 [WARNING] apcs.main: Sensor read failed (attempt 1/5): '_ColorSpacePoint' object has no attribute 'X'
2026-07-08 14:21:27,054 [WARNING] apcs.main: Sensor read failed (attempt 2/5): '_ColorSpacePoint' object has no attribute 'X'
2026-07-08 14:21:27,168 [WARNING] apcs.main: Sensor read failed (attempt 3/5): '_ColorSpacePoint' object has no attribute 'X'
2026-07-08 14:21:27,282 [WARNING] apcs.main: Sensor read failed (attempt 4/5): '_ColorSpacePoint' object has no attribute 'X'
2026-07-08 14:21:27,396 [WARNING] apcs.main: Sensor read failed (attempt 5/5): '_ColorSpacePoint' object has no attribute 'X'
2026-07-08 14:21:27,498 [ERROR] apcs.main: Sensor unresponsive after 5 attempts.
2026-07-08 14:21:27,521 [WARNING] apcs.main: Sensor read failed (attempt 1/5): '_ColorSpacePoint' object has no attribute 'X'
2026-07-08 14:21:27,632 [WARNING] apcs.main: Sensor read failed (attempt 2/5): '_ColorSpacePoint' object has no attribute 'X'
2026-07-08 14:21:27,744 [WARNING] apcs.main: Sensor read failed (attempt 3/5): '_ColorSpacePoint' object has no attribute 'X'
2026-07-08 14:21:27,855 [WARNING] apcs.main: Sensor read failed (attempt 4/5): '_ColorSpacePoint' object has no attribute 'X'
2026-07-08 14:21:27,966 [WARNING] apcs.main: Sensor read failed (attempt 5/5): '_ColorSpacePoint' object has no attribute 'X'
2026-07-08 14:21:28,068 [ERROR] apcs.main: Sensor unresponsive after 5 attempts.
2026-07-08 14:21:28,080 [WARNING] apcs.main: Sensor read failed (attempt 1/5): '_ColorSpacePoint' object has no attribute 'X'
2026-07-08 14:21:28,190 [WARNING] apcs.main: Sensor read failed (attempt 2/5): '_ColorSpacePoint' object has no attribute 'X'
2026-07-08 14:21:28,302 [WARNING] apcs.main: Sensor read failed (attempt 3/5): '_ColorSpacePoint' object has no attribute 'X'
2026-07-08 14:21:28,413 [WARNING] apcs.main: Sensor read failed (attempt 4/5): '_ColorSpacePoint' object has no attribute 'X'
2026-07-08 14:21:28,523 [WARNING] apcs.main: Sensor read failed (attempt 5/5): '_ColorSpacePoint' object has no attribute 'X'
2026-07-08 14:21:28,626 [ERROR] apcs.main: Sensor unresponsive after 5 attempts.
2026-07-08 14:21:28,639 [WARNING] apcs.main: Sensor read failed (attempt 1/5): '_ColorSpacePoint' object has no attribute 'X'
2026-07-08 14:21:28,752 [WARNING] apcs.main: Sensor read failed (attempt 2/5): '_ColorSpacePoint' object has no attribute 'X'
2026-07-08 14:21:28,863 [WARNING] apcs.main: Sensor read failed (attempt 3/5): '_ColorSpacePoint' object has no attribute 'X'
2026-07-08 14:21:28,973 [WARNING] apcs.main: Sensor read failed (attempt 4/5): '_ColorSpacePoint' object has no attribute 'X'
2026-07-08 14:21:29,085 [WARNING] apcs.main: Sensor read failed (attempt 5/5): '_ColorSpacePoint' object has no attribute 'X'
2026-07-08 14:21:29,188 [ERROR] apcs.main: Sensor unresponsive after 5 attempts.
2026-07-08 14:21:29,201 [WARNING] apcs.main: Sensor read failed (attempt 1/5): '_ColorSpacePoint' object has no attribute 'X'
2026-07-08 14:21:29,313 [WARNING] apcs.main: Sensor read failed (attempt 2/5): '_ColorSpacePoint' object has no attribute 'X'
2026-07-08 14:21:29,425 [WARNING] apcs.main: Sensor read failed (attempt 3/5): '_ColorSpacePoint' object has no attribute 'X'
2026-07-08 14:21:29,537 [WARNING] apcs.main: Sensor read failed (attempt 4/5): '_ColorSpacePoint' object has no attribute 'X'
2026-07-08 14:21:29,648 [WARNING] apcs.main: Sensor read failed (attempt 5/5): '_ColorSpacePoint' object has no attribute 'X'
2026-07-08 14:21:29,751 [ERROR] apcs.main: Sensor unresponsive after 5 attempts.
2026-07-08 14:21:29,776 [WARNING] apcs.main: Sensor read failed (attempt 1/5): '_ColorSpacePoint' object has no attribute 'X'
2026-07-08 14:21:29,889 [WARNING] apcs.main: Sensor read failed (attempt 2/5): '_ColorSpacePoint' object has no attribute 'X'
2026-07-08 14:21:29,999 [WARNING] apcs.main: Sensor read failed (attempt 3/5): '_ColorSpacePoint' object has no attribute 'X'
2026-07-08 14:21:30,111 [WARNING] apcs.main: Sensor read failed (attempt 4/5): '_ColorSpacePoint' object has no attribute 'X'
2026-07-08 14:21:30,223 [WARNING] apcs.main: Sensor read failed (attempt 5/5): '_ColorSpacePoint' object has no attribute 'X'
2026-07-08 14:21:30,325 [ERROR] apcs.main: Sensor unresponsive after 5 attempts.
2026-07-08 14:21:30,352 [WARNING] apcs.main: Sensor read failed (attempt 1/5): '_ColorSpacePoint' object has no attribute 'X'
2026-07-08 14:21:30,463 [WARNING] apcs.main: Sensor read failed (attempt 2/5): '_ColorSpacePoint' object has no attribute 'X'
2026-07-08 14:21:30,576 [WARNING] apcs.main: Sensor read failed (attempt 3/5): '_ColorSpacePoint' object has no attribute 'X'
2026-07-08 14:21:30,682 [WARNING] apcs.main: Sensor read failed (attempt 4/5): '_ColorSpacePoint' object has no attribute 'X'
2026-07-08 14:21:30,788 [WARNING] apcs.main: Sensor read failed (attempt 5/5): '_ColorSpacePoint' object has no attribute 'X'
2026-07-08 14:21:30,889 [ERROR] apcs.main: Sensor unresponsive after 5 attempts.
2026-07-08 14:21:30,898 [WARNING] apcs.main: Sensor read failed (attempt 1/5): '_ColorSpacePoint' object has no attribute 'X'
2026-07-08 14:21:31,006 [WARNING] apcs.main: Sensor read failed (attempt 2/5): '_ColorSpacePoint' object has no attribute 'X'
2026-07-08 14:21:31,118 [WARNING] apcs.main: Sensor read failed (attempt 3/5): '_ColorSpacePoint' object has no attribute 'X'
2026-07-08 14:21:31,230 [WARNING] apcs.main: Sensor read failed (attempt 4/5): '_ColorSpacePoint' object has no attribute 'X'
2026-07-08 14:21:31,337 [WARNING] apcs.main: Sensor read failed (attempt 5/5): '_ColorSpacePoint' object has no attribute 'X'
2026-07-08 14:21:31,439 [ERROR] apcs.main: Sensor unresponsive after 5 attempts.
2026-07-08 14:21:31,458 [WARNING] apcs.main: Sensor read failed (attempt 1/5): '_ColorSpacePoint' object has no attribute 'X'
2026-07-08 14:21:31,568 [WARNING] apcs.main: Sensor read failed (attempt 2/5): '_ColorSpacePoint' object has no attribute 'X'
2026-07-08 14:21:31,676 [WARNING] apcs.main: Sensor read failed (attempt 3/5): '_ColorSpacePoint' object has no attribute 'X'
2026-07-08 14:21:31,782 [WARNING] apcs.main: Sensor read failed (attempt 4/5): '_ColorSpacePoint' object has no attribute 'X'
2026-07-08 14:21:31,893 [WARNING] apcs.main: Sensor read failed (attempt 5/5): '_ColorSpacePoint' object has no attribute 'X'
2026-07-08 14:21:31,997 [ERROR] apcs.main: Sensor unresponsive after 5 attempts.
2026-07-08 14:21:32,009 [WARNING] apcs.main: Sensor read failed (attempt 1/5): '_ColorSpacePoint' object has no attribute 'X'
2026-07-08 14:21:32,120 [WARNING] apcs.main: Sensor read failed (attempt 2/5): '_ColorSpacePoint' object has no attribute 'X'
2026-07-08 14:21:32,228 [WARNING] apcs.main: Sensor read failed (attempt 3/5): '_ColorSpacePoint' object has no attribute 'X'
2026-07-08 14:21:32,339 [WARNING] apcs.main: Sensor read failed (attempt 4/5): '_ColorSpacePoint' object has no attribute 'X'
2026-07-08 14:21:32,452 [WARNING] apcs.main: Sensor read failed (attempt 5/5): '_ColorSpacePoint' object has no attribute 'X'
2026-07-08 14:21:32,554 [ERROR] apcs.main: Sensor unresponsive after 5 attempts.
2026-07-08 14:21:32,579 [WARNING] apcs.main: Sensor read failed (attempt 1/5): '_ColorSpacePoint' object has no attribute 'X'
2026-07-08 14:21:32,691 [WARNING] apcs.main: Sensor read failed (attempt 2/5): '_ColorSpacePoint' object has no attribute 'X'
2026-07-08 14:21:32,802 [WARNING] apcs.main: Sensor read failed (attempt 3/5): '_ColorSpacePoint' object has no attribute 'X'
2026-07-08 14:21:32,913 [WARNING] apcs.main: Sensor read failed (attempt 4/5): '_ColorSpacePoint' object has no attribute 'X'
2026-07-08 14:21:33,026 [WARNING] apcs.main: Sensor read failed (attempt 5/5): '_ColorSpacePoint' object has no attribute 'X'
2026-07-08 14:21:33,129 [ERROR] apcs.main: Sensor unresponsive after 5 attempts.
2026-07-08 14:21:33,153 [WARNING] apcs.main: Sensor read failed (attempt 1/5): '_ColorSpacePoint' object has no attribute 'X'
2026-07-08 14:21:33,264 [WARNING] apcs.main: Sensor read failed (attempt 2/5): '_ColorSpacePoint' object has no attribute 'X'
2026-07-08 14:21:33,378 [WARNING] apcs.main: Sensor read failed (attempt 3/5): '_ColorSpacePoint' object has no attribute 'X'
2026-07-08 14:21:33,487 [WARNING] apcs.main: Sensor read failed (attempt 4/5): '_ColorSpacePoint' object has no attribute 'X'
2026-07-08 14:21:33,600 [WARNING] apcs.main: Sensor read failed (attempt 5/5): '_ColorSpacePoint' object has no attribute 'X'
2026-07-08 14:21:33,702 [ERROR] apcs.main: Sensor unresponsive after 5 attempts.
2026-07-08 14:21:33,725 [WARNING] apcs.main: Sensor read failed (attempt 1/5): '_ColorSpacePoint' object has no attribute 'X'
2026-07-08 14:21:33,838 [WARNING] apcs.main: Sensor read failed (attempt 2/5): '_ColorSpacePoint' object has no attribute 'X'
2026-07-08 14:21:33,951 [WARNING] apcs.main: Sensor read failed (attempt 3/5): '_ColorSpacePoint' object has no attribute 'X'
2026-07-08 14:21:34,059 [WARNING] apcs.main: Sensor read failed (attempt 4/5): '_ColorSpacePoint' object has no attribute 'X'
2026-07-08 14:21:34,168 [WARNING] apcs.main: Sensor read failed (attempt 5/5): '_ColorSpacePoint' object has no attribute 'X'
2026-07-08 14:21:34,270 [ERROR] apcs.main: Sensor unresponsive after 5 attempts.
2026-07-08 14:21:34,293 [WARNING] apcs.main: Sensor read failed (attempt 1/5): '_ColorSpacePoint' object has no attribute 'X'
2026-07-08 14:21:34,399 [WARNING] apcs.main: Sensor read failed (attempt 2/5): '_ColorSpacePoint' object has no attribute 'X'
2026-07-08 14:21:34,510 [WARNING] apcs.main: Sensor read failed (attempt 3/5): '_ColorSpacePoint' object has no attribute 'X'
2026-07-08 14:21:34,618 [WARNING] apcs.main: Sensor read failed (attempt 4/5): '_ColorSpacePoint' object has no attribute 'X'
2026-07-08 14:21:34,725 [WARNING] apcs.main: Sensor read failed (attempt 5/5): '_ColorSpacePoint' object has no attribute 'X'
2026-07-08 14:21:34,828 [ERROR] apcs.main: Sensor unresponsive after 5 attempts.
2026-07-08 14:21:34,850 [WARNING] apcs.main: Sensor read failed (attempt 1/5): '_ColorSpacePoint' object has no attribute 'X'
2026-07-08 14:21:34,963 [WARNING] apcs.main: Sensor read failed (attempt 2/5): '_ColorSpacePoint' object has no attribute 'X'
2026-07-08 14:21:35,076 [WARNING] apcs.main: Sensor read failed (attempt 3/5): '_ColorSpacePoint' object has no attribute 'X'
2026-07-08 14:21:35,191 [WARNING] apcs.main: Sensor read failed (attempt 4/5): '_ColorSpacePoint' object has no attribute 'X'
2026-07-08 14:21:35,301 [WARNING] apcs.main: Sensor read failed (attempt 5/5): '_ColorSpacePoint' object has no attribute 'X'
2026-07-08 14:21:35,403 [ERROR] apcs.main: Sensor unresponsive after 5 attempts.
2026-07-08 14:21:35,421 [WARNING] apcs.main: Sensor read failed (attempt 1/5): '_ColorSpacePoint' object has no attribute 'X'
2026-07-08 14:21:35,531 [WARNING] apcs.main: Sensor read failed (attempt 2/5): '_ColorSpacePoint' object has no attribute 'X'
2026-07-08 14:21:35,639 [WARNING] apcs.main: Sensor read failed (attempt 3/5): '_ColorSpacePoint' object has no attribute 'X'
2026-07-08 14:21:35,753 [WARNING] apcs.main: Sensor read failed (attempt 4/5): '_ColorSpacePoint' object has no attribute 'X'
2026-07-08 14:21:35,863 [WARNING] apcs.main: Sensor read failed (attempt 5/5): '_ColorSpacePoint' object has no attribute 'X'
2026-07-08 14:21:35,965 [ERROR] apcs.main: Sensor unresponsive after 5 attempts.
2026-07-08 14:21:35,982 [WARNING] apcs.main: Sensor read failed (attempt 1/5): '_ColorSpacePoint' object has no attribute 'X'
2026-07-08 14:21:36,094 [WARNING] apcs.main: Sensor read failed (attempt 2/5): '_ColorSpacePoint' object has no attribute 'X'
2026-07-08 14:21:36,201 [WARNING] apcs.main: Sensor read failed (attempt 3/5): '_ColorSpacePoint' object has no attribute 'X'
2026-07-08 14:21:36,314 [WARNING] apcs.main: Sensor read failed (attempt 4/5): '_ColorSpacePoint' object has no attribute 'X'
2026-07-08 14:21:36,427 [WARNING] apcs.main: Sensor read failed (attempt 5/5): '_ColorSpacePoint' object has no attribute 'X'
2026-07-08 14:21:36,529 [ERROR] apcs.main: Sensor unresponsive after 5 attempts.
2026-07-08 14:21:36,542 [WARNING] apcs.main: Sensor read failed (attempt 1/5): '_ColorSpacePoint' object has no attribute 'X'
2026-07-08 14:21:36,654 [WARNING] apcs.main: Sensor read failed (attempt 2/5): '_ColorSpacePoint' object has no attribute 'X'
2026-07-08 14:21:36,765 [WARNING] apcs.main: Sensor read failed (attempt 3/5): '_ColorSpacePoint' object has no attribute 'X'
2026-07-08 14:21:36,878 [WARNING] apcs.main: Sensor read failed (attempt 4/5): '_ColorSpacePoint' object has no attribute 'X'
2026-07-08 14:21:36,993 [WARNING] apcs.main: Sensor read failed (attempt 5/5): '_ColorSpacePoint' object has no attribute 'X'
2026-07-08 14:21:37,096 [ERROR] apcs.main: Sensor unresponsive after 5 attempts.
2026-07-08 14:21:37,109 [WARNING] apcs.main: Sensor read failed (attempt 1/5): '_ColorSpacePoint' object has no attribute 'X'
2026-07-08 14:21:37,221 [WARNING] apcs.main: Sensor read failed (attempt 2/5): '_ColorSpacePoint' object has no attribute 'X'
2026-07-08 14:21:37,332 [WARNING] apcs.main: Sensor read failed (attempt 3/5): '_ColorSpacePoint' object has no attribute 'X'
2026-07-08 14:21:37,445 [WARNING] apcs.main: Sensor read failed (attempt 4/5): '_ColorSpacePoint' object has no attribute 'X'
2026-07-08 14:21:37,557 [WARNING] apcs.main: Sensor read failed (attempt 5/5): '_ColorSpacePoint' object has no attribute 'X'
2026-07-08 14:21:37,660 [ERROR] apcs.main: Sensor unresponsive after 5 attempts.
2026-07-08 14:21:37,673 [WARNING] apcs.main: Sensor read failed (attempt 1/5): '_ColorSpacePoint' object has no attribute 'X'
2026-07-08 14:21:37,795 [WARNING] apcs.main: Sensor read failed (attempt 2/5): '_ColorSpacePoint' object has no attribute 'X'
2026-07-08 14:21:37,908 [WARNING] apcs.main: Sensor read failed (attempt 3/5): '_ColorSpacePoint' object has no attribute 'X'
2026-07-08 14:21:38,018 [WARNING] apcs.main: Sensor read failed (attempt 4/5): '_ColorSpacePoint' object has no attribute 'X'
2026-07-08 14:21:38,131 [WARNING] apcs.main: Sensor read failed (attempt 5/5): '_ColorSpacePoint' object has no attribute 'X'
2026-07-08 14:21:38,235 [ERROR] apcs.main: Sensor unresponsive after 5 attempts.
2026-07-08 14:21:38,256 [WARNING] apcs.main: Sensor read failed (attempt 1/5): '_ColorSpacePoint' object has no attribute 'X'
2026-07-08 14:21:38,370 [WARNING] apcs.main: Sensor read failed (attempt 2/5): '_ColorSpacePoint' object has no attribute 'X'
2026-07-08 14:21:38,484 [WARNING] apcs.main: Sensor read failed (attempt 3/5): '_ColorSpacePoint' object has no attribute 'X'
2026-07-08 14:21:38,598 [WARNING] apcs.main: Sensor read failed (attempt 4/5): '_ColorSpacePoint' object has no attribute 'X'
2026-07-08 14:21:38,711 [WARNING] apcs.main: Sensor read failed (attempt 5/5): '_ColorSpacePoint' object has no attribute 'X'
2026-07-08 14:21:38,814 [ERROR] apcs.main: Sensor unresponsive after 5 attempts.
2026-07-08 14:21:38,829 [WARNING] apcs.main: Sensor read failed (attempt 1/5): '_ColorSpacePoint' object has no attribute 'X'
2026-07-08 14:21:38,942 [WARNING] apcs.main: Sensor read failed (attempt 2/5): '_ColorSpacePoint' object has no attribute 'X'
2026-07-08 14:21:39,055 [WARNING] apcs.main: Sensor read failed (attempt 3/5): '_ColorSpacePoint' object has no attribute 'X'
2026-07-08 14:21:39,168 [WARNING] apcs.main: Sensor read failed (attempt 4/5): '_ColorSpacePoint' object has no attribute 'X'
2026-07-08 14:21:39,297 [WARNING] apcs.main: Sensor read failed (attempt 5/5): '_ColorSpacePoint' object has no attribute 'X'
2026-07-08 14:21:39,400 [ERROR] apcs.main: Sensor unresponsive after 5 attempts.
2026-07-08 14:21:39,427 [WARNING] apcs.main: Sensor read failed (attempt 1/5): '_ColorSpacePoint' object has no attribute 'X'
2026-07-08 14:21:39,540 [WARNING] apcs.main: Sensor read failed (attempt 2/5): '_ColorSpacePoint' object has no attribute 'X'
2026-07-08 14:21:39,652 [WARNING] apcs.main: Sensor read failed (attempt 3/5): '_ColorSpacePoint' object has no attribute 'X'
2026-07-08 14:21:39,766 [WARNING] apcs.main: Sensor read failed (attempt 4/5): '_ColorSpacePoint' object has no attribute 'X'
2026-07-08 14:21:39,887 [WARNING] apcs.main: Sensor read failed (attempt 5/5): '_ColorSpacePoint' object has no attribute 'X'
2026-07-08 14:21:39,991 [ERROR] apcs.main: Sensor unresponsive after 5 attempts.
2026-07-08 14:21:40,002 [WARNING] apcs.main: Sensor read failed (attempt 1/5): '_ColorSpacePoint' object has no attribute 'X'
2026-07-08 14:21:40,120 [WARNING] apcs.main: Sensor read failed (attempt 2/5): '_ColorSpacePoint' object has no attribute 'X'
2026-07-08 14:21:40,234 [WARNING] apcs.main: Sensor read failed (attempt 3/5): '_ColorSpacePoint' object has no attribute 'X'
2026-07-08 14:21:40,364 [WARNING] apcs.main: Sensor read failed (attempt 4/5): '_ColorSpacePoint' object has no attribute 'X'
2026-07-08 14:21:40,476 [WARNING] apcs.main: Sensor read failed (attempt 5/5): '_ColorSpacePoint' object has no attribute 'X'
2026-07-08 14:21:40,579 [ERROR] apcs.main: Sensor unresponsive after 5 attempts.
2026-07-08 14:21:40,599 [WARNING] apcs.main: Sensor read failed (attempt 1/5): '_ColorSpacePoint' object has no attribute 'X'
2026-07-08 14:21:40,730 [WARNING] apcs.main: Sensor read failed (attempt 2/5): '_ColorSpacePoint' object has no attribute 'X'
2026-07-08 14:21:40,840 [WARNING] apcs.main: Sensor read failed (attempt 3/5): '_ColorSpacePoint' object has no attribute 'X'
2026-07-08 14:21:40,949 [WARNING] apcs.main: Sensor read failed (attempt 4/5): '_ColorSpacePoint' object has no attribute 'X'
2026-07-08 14:21:41,062 [WARNING] apcs.main: Sensor read failed (attempt 5/5): '_ColorSpacePoint' object has no attribute 'X'
2026-07-08 14:21:41,165 [ERROR] apcs.main: Sensor unresponsive after 5 attempts.
2026-07-08 14:21:41,185 [WARNING] apcs.main: Sensor read failed (attempt 1/5): '_ColorSpacePoint' object has no attribute 'X'
2026-07-08 14:21:41,299 [WARNING] apcs.main: Sensor read failed (attempt 2/5): '_ColorSpacePoint' object has no attribute 'X'
2026-07-08 14:21:41,413 [WARNING] apcs.main: Sensor read failed (attempt 3/5): '_ColorSpacePoint' object has no attribute 'X'
2026-07-08 14:21:41,526 [WARNING] apcs.main: Sensor read failed (attempt 4/5): '_ColorSpacePoint' object has no attribute 'X'
2026-07-08 14:21:41,638 [WARNING] apcs.main: Sensor read failed (attempt 5/5): '_ColorSpacePoint' object has no attribute 'X'
2026-07-08 14:21:41,741 [ERROR] apcs.main: Sensor unresponsive after 5 attempts.
2026-07-08 14:21:41,757 [WARNING] apcs.main: Sensor read failed (attempt 1/5): '_ColorSpacePoint' object has no attribute 'X'
2026-07-08 14:21:41,865 [WARNING] apcs.main: Sensor read failed (attempt 2/5): '_ColorSpacePoint' object has no attribute 'X'
2026-07-08 14:21:41,972 [WARNING] apcs.main: Sensor read failed (attempt 3/5): '_ColorSpacePoint' object has no attribute 'X'
2026-07-08 14:21:42,084 [WARNING] apcs.main: Sensor read failed (attempt 4/5): '_ColorSpacePoint' object has no attribute 'X'
2026-07-08 14:21:42,196 [WARNING] apcs.main: Sensor read failed (attempt 5/5): '_ColorSpacePoint' object has no attribute 'X'
2026-07-08 14:21:42,299 [ERROR] apcs.main: Sensor unresponsive after 5 attempts.
2026-07-08 14:21:42,318 [WARNING] apcs.main: Sensor read failed (attempt 1/5): '_ColorSpacePoint' object has no attribute 'X'
2026-07-08 14:21:42,430 [WARNING] apcs.main: Sensor read failed (attempt 2/5): '_ColorSpacePoint' object has no attribute 'X'
2026-07-08 14:21:42,543 [WARNING] apcs.main: Sensor read failed (attempt 3/5): '_ColorSpacePoint' object has no attribute 'X'
2026-07-08 14:21:42,655 [WARNING] apcs.main: Sensor read failed (attempt 4/5): '_ColorSpacePoint' object has no attribute 'X'
2026-07-08 14:21:42,764 [WARNING] apcs.main: Sensor read failed (attempt 5/5): '_ColorSpacePoint' object has no attribute 'X'
2026-07-08 14:21:42,868 [ERROR] apcs.main: Sensor unresponsive after 5 attempts.
2026-07-08 14:21:42,883 [WARNING] apcs.main: Sensor read failed (attempt 1/5): '_ColorSpacePoint' object has no attribute 'X'
2026-07-08 14:21:42,995 [WARNING] apcs.main: Sensor read failed (attempt 2/5): '_ColorSpacePoint' object has no attribute 'X'
2026-07-08 14:21:43,106 [WARNING] apcs.main: Sensor read failed (attempt 3/5): '_ColorSpacePoint' object has no attribute 'X'
2026-07-08 14:21:43,218 [WARNING] apcs.main: Sensor read failed (attempt 4/5): '_ColorSpacePoint' object has no attribute 'X'
2026-07-08 14:21:43,336 [WARNING] apcs.main: Sensor read failed (attempt 5/5): '_ColorSpacePoint' object has no attribute 'X'
2026-07-08 14:21:43,439 [ERROR] apcs.main: Sensor unresponsive after 5 attempts.
2026-07-08 14:21:43,460 [WARNING] apcs.main: Sensor read failed (attempt 1/5): '_ColorSpacePoint' object has no attribute 'X'
2026-07-08 14:21:43,569 [WARNING] apcs.main: Sensor read failed (attempt 2/5): '_ColorSpacePoint' object has no attribute 'X'
2026-07-08 14:21:43,694 [WARNING] apcs.main: Sensor read failed (attempt 3/5): '_ColorSpacePoint' object has no attribute 'X'
2026-07-08 14:21:43,807 [WARNING] apcs.main: Sensor read failed (attempt 4/5): '_ColorSpacePoint' object has no attribute 'X'
2026-07-08 14:21:43,919 [WARNING] apcs.main: Sensor read failed (attempt 5/5): '_ColorSpacePoint' object has no attribute 'X'
2026-07-08 14:21:44,022 [ERROR] apcs.main: Sensor unresponsive after 5 attempts.
2026-07-08 14:21:44,037 [WARNING] apcs.main: Sensor read failed (attempt 1/5): '_ColorSpacePoint' object has no attribute 'X'
2026-07-08 14:21:44,150 [WARNING] apcs.main: Sensor read failed (attempt 2/5): '_ColorSpacePoint' object has no attribute 'X'
2026-07-08 14:21:44,264 [WARNING] apcs.main: Sensor read failed (attempt 3/5): '_ColorSpacePoint' object has no attribute 'X'
2026-07-08 14:21:44,373 [WARNING] apcs.main: Sensor read failed (attempt 4/5): '_ColorSpacePoint' object has no attribute 'X'
2026-07-08 14:21:44,481 [WARNING] apcs.main: Sensor read failed (attempt 5/5): '_ColorSpacePoint' object has no attribute 'X'
2026-07-08 14:21:44,583 [ERROR] apcs.main: Sensor unresponsive after 5 attempts.
2026-07-08 14:21:45,830 [WARNING] apcs.main: Sensor read failed (attempt 1/5): '_ColorSpacePoint' object has no attribute 'X'
2026-07-08 14:21:45,940 [WARNING] apcs.main: Sensor read failed (attempt 2/5): '_ColorSpacePoint' object has no attribute 'X'
2026-07-08 14:21:46,050 [WARNING] apcs.main: Sensor read failed (attempt 3/5): '_ColorSpacePoint' object has no attribute 'X'
2026-07-08 14:21:46,163 [WARNING] apcs.main: Sensor read failed (attempt 4/5): '_ColorSpacePoint' object has no attribute 'X'
2026-07-08 14:21:46,273 [WARNING] apcs.main: Sensor read failed (attempt 5/5): '_ColorSpacePoint' object has no attribute 'X'
2026-07-08 14:21:46,375 [ERROR] apcs.main: Sensor unresponsive after 5 attempts.
2026-07-08 14:21:46,386 [WARNING] apcs.main: Sensor read failed (attempt 1/5): '_ColorSpacePoint' object has no attribute 'X'
2026-07-08 14:21:46,497 [WARNING] apcs.main: Sensor read failed (attempt 2/5): '_ColorSpacePoint' object has no attribute 'X'
2026-07-08 14:21:46,607 [WARNING] apcs.main: Sensor read failed (attempt 3/5): '_ColorSpacePoint' object has no attribute 'X'
2026-07-08 14:21:46,716 [WARNING] apcs.main: Sensor read failed (attempt 4/5): '_ColorSpacePoint' object has no attribute 'X'
2026-07-08 14:21:46,829 [WARNING] apcs.main: Sensor read failed (attempt 5/5): '_ColorSpacePoint' object has no attribute 'X'
2026-07-08 14:21:46,931 [ERROR] apcs.main: Sensor unresponsive after 5 attempts.
2026-07-08 14:21:46,955 [WARNING] apcs.main: Sensor read failed (attempt 1/5): '_ColorSpacePoint' object has no attribute 'X'
2026-07-08 14:21:47,066 [WARNING] apcs.main: Sensor read failed (attempt 2/5): '_ColorSpacePoint' object has no attribute 'X'
2026-07-08 14:21:47,176 [WARNING] apcs.main: Sensor read failed (attempt 3/5): '_ColorSpacePoint' object has no attribute 'X'
2026-07-08 14:21:47,284 [WARNING] apcs.main: Sensor read failed (attempt 4/5): '_ColorSpacePoint' object has no attribute 'X'
2026-07-08 14:21:47,398 [WARNING] apcs.main: Sensor read failed (attempt 5/5): '_ColorSpacePoint' object has no attribute 'X'
2026-07-08 14:21:47,501 [ERROR] apcs.main: Sensor unresponsive after 5 attempts.
2026-07-08 14:21:47,514 [WARNING] apcs.main: Sensor read failed (attempt 1/5): '_ColorSpacePoint' object has no attribute 'X'
2026-07-08 14:21:47,624 [WARNING] apcs.main: Sensor read failed (attempt 2/5): '_ColorSpacePoint' object has no attribute 'X'
2026-07-08 14:21:47,733 [WARNING] apcs.main: Sensor read failed (attempt 3/5): '_ColorSpacePoint' object has no attribute 'X'
2026-07-08 14:21:47,844 [WARNING] apcs.main: Sensor read failed (attempt 4/5): '_ColorSpacePoint' object has no attribute 'X'
2026-07-08 14:21:47,957 [WARNING] apcs.main: Sensor read failed (attempt 5/5): '_ColorSpacePoint' object has no attribute 'X'
2026-07-08 14:21:48,058 [ERROR] apcs.main: Sensor unresponsive after 5 attempts.
2026-07-08 14:21:48,075 [WARNING] apcs.main: Sensor read failed (attempt 1/5): '_ColorSpacePoint' object has no attribute 'X'
2026-07-08 14:21:48,183 [WARNING] apcs.main: Sensor read failed (attempt 2/5): '_ColorSpacePoint' object has no attribute 'X'
2026-07-08 14:21:48,293 [WARNING] apcs.main: Sensor read failed (attempt 3/5): '_ColorSpacePoint' object has no attribute 'X'
2026-07-08 14:21:48,403 [WARNING] apcs.main: Sensor read failed (attempt 4/5): '_ColorSpacePoint' object has no attribute 'X'
2026-07-08 14:21:48,518 [WARNING] apcs.main: Sensor read failed (attempt 5/5): '_ColorSpacePoint' object has no attribute 'X'
2026-07-08 14:21:48,620 [ERROR] apcs.main: Sensor unresponsive after 5 attempts.
2026-07-08 14:21:48,640 [WARNING] apcs.main: Sensor read failed (attempt 1/5): '_ColorSpacePoint' object has no attribute 'X'
2026-07-08 14:21:48,749 [WARNING] apcs.main: Sensor read failed (attempt 2/5): '_ColorSpacePoint' object has no attribute 'X'
2026-07-08 14:21:48,859 [WARNING] apcs.main: Sensor read failed (attempt 3/5): '_ColorSpacePoint' object has no attribute 'X'
2026-07-08 14:21:48,967 [WARNING] apcs.main: Sensor read failed (attempt 4/5): '_ColorSpacePoint' object has no attribute 'X'
2026-07-08 14:21:49,075 [WARNING] apcs.main: Sensor read failed (attempt 5/5): '_ColorSpacePoint' object has no attribute 'X'
2026-07-08 14:21:49,177 [ERROR] apcs.main: Sensor unresponsive after 5 attempts.
2026-07-08 14:21:49,196 [WARNING] apcs.main: Sensor read failed (attempt 1/5): '_ColorSpacePoint' object has no attribute 'X'
2026-07-08 14:21:49,311 [WARNING] apcs.main: Sensor read failed (attempt 2/5): '_ColorSpacePoint' object has no attribute 'X'
2026-07-08 14:21:49,424 [WARNING] apcs.main: Sensor read failed (attempt 3/5): '_ColorSpacePoint' object has no attribute 'X'
2026-07-08 14:21:49,533 [WARNING] apcs.main: Sensor read failed (attempt 4/5): '_ColorSpacePoint' object has no attribute 'X'
2026-07-08 14:21:49,639 [WARNING] apcs.main: Sensor read failed (attempt 5/5): '_ColorSpacePoint' object has no attribute 'X'
2026-07-08 14:21:49,741 [ERROR] apcs.main: Sensor unresponsive after 5 attempts.
2026-07-08 14:21:49,767 [WARNING] apcs.main: Sensor read failed (attempt 1/5): '_ColorSpacePoint' object has no attribute 'X'
2026-07-08 14:21:49,874 [WARNING] apcs.main: Sensor read failed (attempt 2/5): '_ColorSpacePoint' object has no attribute 'X'
2026-07-08 14:21:49,982 [WARNING] apcs.main: Sensor read failed (attempt 3/5): '_ColorSpacePoint' object has no attribute 'X'
2026-07-08 14:21:50,096 [WARNING] apcs.main: Sensor read failed (attempt 4/5): '_ColorSpacePoint' object has no attribute 'X'
2026-07-08 14:21:50,209 [WARNING] apcs.main: Sensor read failed (attempt 5/5): '_ColorSpacePoint' object has no attribute 'X'
2026-07-08 14:21:50,311 [ERROR] apcs.main: Sensor unresponsive after 5 attempts.
2026-07-08 14:21:50,336 [WARNING] apcs.main: Sensor read failed (attempt 1/5): '_ColorSpacePoint' object has no attribute 'X'
2026-07-08 14:21:50,448 [WARNING] apcs.main: Sensor read failed (attempt 2/5): '_ColorSpacePoint' object has no attribute 'X'
2026-07-08 14:21:50,559 [WARNING] apcs.main: Sensor read failed (attempt 3/5): '_ColorSpacePoint' object has no attribute 'X'
2026-07-08 14:21:50,670 [WARNING] apcs.main: Sensor read failed (attempt 4/5): '_ColorSpacePoint' object has no attribute 'X'
2026-07-08 14:21:50,780 [WARNING] apcs.main: Sensor read failed (attempt 5/5): '_ColorSpacePoint' object has no attribute 'X'
2026-07-08 14:21:50,883 [ERROR] apcs.main: Sensor unresponsive after 5 attempts.
2026-07-08 14:21:50,906 [WARNING] apcs.main: Sensor read failed (attempt 1/5): '_ColorSpacePoint' object has no attribute 'X'
2026-07-08 14:21:51,016 [WARNING] apcs.main: Sensor read failed (attempt 2/5): '_ColorSpacePoint' object has no attribute 'X'
2026-07-08 14:21:51,127 [WARNING] apcs.main: Sensor read failed (attempt 3/5): '_ColorSpacePoint' object has no attribute 'X'
2026-07-08 14:21:51,241 [WARNING] apcs.main: Sensor read failed (attempt 4/5): '_ColorSpacePoint' object has no attribute 'X'
2026-07-08 14:21:51,353 [WARNING] apcs.main: Sensor read failed (attempt 5/5): '_ColorSpacePoint' object has no attribute 'X'
2026-07-08 14:21:51,457 [ERROR] apcs.main: Sensor unresponsive after 5 attempts.
2026-07-08 14:21:51,475 [WARNING] apcs.main: Sensor read failed (attempt 1/5): '_ColorSpacePoint' object has no attribute 'X'
2026-07-08 14:21:51,581 [WARNING] apcs.main: Sensor read failed (attempt 2/5): '_ColorSpacePoint' object has no attribute 'X'
2026-07-08 14:21:51,693 [WARNING] apcs.main: Sensor read failed (attempt 3/5): '_ColorSpacePoint' object has no attribute 'X'
2026-07-08 14:21:51,802 [WARNING] apcs.main: Sensor read failed (attempt 4/5): '_ColorSpacePoint' object has no attribute 'X'
2026-07-08 14:21:51,911 [WARNING] apcs.main: Sensor read failed (attempt 5/5): '_ColorSpacePoint' object has no attribute 'X'
2026-07-08 14:21:52,013 [ERROR] apcs.main: Sensor unresponsive after 5 attempts.
2026-07-08 14:21:52,029 [WARNING] apcs.main: Sensor read failed (attempt 1/5): '_ColorSpacePoint' object has no attribute 'X'
2026-07-08 14:21:52,140 [WARNING] apcs.main: Sensor read failed (attempt 2/5): '_ColorSpacePoint' object has no attribute 'X'
2026-07-08 14:21:52,253 [WARNING] apcs.main: Sensor read failed (attempt 3/5): '_ColorSpacePoint' object has no attribute 'X'
2026-07-08 14:21:52,365 [WARNING] apcs.main: Sensor read failed (attempt 4/5): '_ColorSpacePoint' object has no attribute 'X'
2026-07-08 14:21:52,479 [WARNING] apcs.main: Sensor read failed (attempt 5/5): '_ColorSpacePoint' object has no attribute 'X'
2026-07-08 14:21:52,581 [ERROR] apcs.main: Sensor unresponsive after 5 attempts.
2026-07-08 14:21:52,596 [WARNING] apcs.main: Sensor read failed (attempt 1/5): '_ColorSpacePoint' object has no attribute 'X'
2026-07-08 14:21:52,708 [WARNING] apcs.main: Sensor read failed (attempt 2/5): '_ColorSpacePoint' object has no attribute 'X'
2026-07-08 14:21:52,819 [WARNING] apcs.main: Sensor read failed (attempt 3/5): '_ColorSpacePoint' object has no attribute 'X'
2026-07-08 14:21:52,929 [WARNING] apcs.main: Sensor read failed (attempt 4/5): '_ColorSpacePoint' object has no attribute 'X'
2026-07-08 14:21:53,037 [WARNING] apcs.main: Sensor read failed (attempt 5/5): '_ColorSpacePoint' object has no attribute 'X'
2026-07-08 14:21:53,139 [ERROR] apcs.main: Sensor unresponsive after 5 attempts.
2026-07-08 14:21:53,161 [WARNING] apcs.main: Sensor read failed (attempt 1/5): '_ColorSpacePoint' object has no attribute 'X'
2026-07-08 14:21:53,267 [WARNING] apcs.main: Sensor read failed (attempt 2/5): '_ColorSpacePoint' object has no attribute 'X'
2026-07-08 14:21:53,380 [WARNING] apcs.main: Sensor read failed (attempt 3/5): '_ColorSpacePoint' object has no attribute 'X'
2026-07-08 14:21:53,489 [WARNING] apcs.main: Sensor read failed (attempt 4/5): '_ColorSpacePoint' object has no attribute 'X'
2026-07-08 14:21:53,599 [WARNING] apcs.main: Sensor read failed (attempt 5/5): '_ColorSpacePoint' object has no attribute 'X'
2026-07-08 14:21:53,701 [ERROR] apcs.main: Sensor unresponsive after 5 attempts.
2026-07-08 14:21:53,713 [WARNING] apcs.main: Sensor read failed (attempt 1/5): '_ColorSpacePoint' object has no attribute 'X'
2026-07-08 14:21:53,827 [WARNING] apcs.main: Sensor read failed (attempt 2/5): '_ColorSpacePoint' object has no attribute 'X'
2026-07-08 14:21:53,955 [WARNING] apcs.main: Sensor read failed (attempt 3/5): '_ColorSpacePoint' object has no attribute 'X'
2026-07-08 14:21:54,068 [WARNING] apcs.main: Sensor read failed (attempt 4/5): '_ColorSpacePoint' object has no attribute 'X'
2026-07-08 14:21:54,180 [WARNING] apcs.main: Sensor read failed (attempt 5/5): '_ColorSpacePoint' object has no attribute 'X'
2026-07-08 14:21:54,282 [ERROR] apcs.main: Sensor unresponsive after 5 attempts.
2026-07-08 14:21:54,314 [WARNING] apcs.main: Sensor read failed (attempt 1/5): '_ColorSpacePoint' object has no attribute 'X'
2026-07-08 14:21:54,425 [WARNING] apcs.main: Sensor read failed (attempt 2/5): '_ColorSpacePoint' object has no attribute 'X'
2026-07-08 14:21:54,536 [WARNING] apcs.main: Sensor read failed (attempt 3/5): '_ColorSpacePoint' object has no attribute 'X'
2026-07-08 14:21:54,650 [WARNING] apcs.main: Sensor read failed (attempt 4/5): '_ColorSpacePoint' object has no attribute 'X'
2026-07-08 14:21:54,762 [WARNING] apcs.main: Sensor read failed (attempt 5/5): '_ColorSpacePoint' object has no attribute 'X'
2026-07-08 14:21:54,864 [ERROR] apcs.main: Sensor unresponsive after 5 attempts.
2026-07-08 14:21:55,106 [WARNING] apcs.main: Sensor read failed (attempt 1/5): '_ColorSpacePoint' object has no attribute 'X'
2026-07-08 14:21:55,216 [WARNING] apcs.main: Sensor read failed (attempt 2/5): '_ColorSpacePoint' object has no attribute 'X'
2026-07-08 14:21:55,325 [WARNING] apcs.main: Sensor read failed (attempt 3/5): '_ColorSpacePoint' object has no attribute 'X'
2026-07-08 14:21:55,435 [WARNING] apcs.main: Sensor read failed (attempt 4/5): '_ColorSpacePoint' object has no attribute 'X'
2026-07-08 14:21:55,551 [WARNING] apcs.main: Sensor read failed (attempt 5/5): '_ColorSpacePoint' object has no attribute 'X'
2026-07-08 14:21:55,654 [ERROR] apcs.main: Sensor unresponsive after 5 attempts.
2026-07-08 14:21:55,679 [WARNING] apcs.main: Sensor read failed (attempt 1/5): '_ColorSpacePoint' object has no attribute 'X'
2026-07-08 14:21:55,787 [WARNING] apcs.main: Sensor read failed (attempt 2/5): '_ColorSpacePoint' object has no attribute 'X'
2026-07-08 14:21:55,895 [WARNING] apcs.main: Sensor read failed (attempt 3/5): '_ColorSpacePoint' object has no attribute 'X'
2026-07-08 14:21:56,015 [WARNING] apcs.main: Sensor read failed (attempt 4/5): '_ColorSpacePoint' object has no attribute 'X'
2026-07-08 14:21:56,124 [WARNING] apcs.main: Sensor read failed (attempt 5/5): '_ColorSpacePoint' object has no attribute 'X'
2026-07-08 14:21:56,227 [ERROR] apcs.main: Sensor unresponsive after 5 attempts.
2026-07-08 14:21:56,252 [WARNING] apcs.main: Sensor read failed (attempt 1/5): '_ColorSpacePoint' object has no attribute 'X'
2026-07-08 14:21:56,361 [WARNING] apcs.main: Sensor read failed (attempt 2/5): '_ColorSpacePoint' object has no attribute 'X'
2026-07-08 14:21:56,482 [WARNING] apcs.main: Sensor read failed (attempt 3/5): '_ColorSpacePoint' object has no attribute 'X'
2026-07-08 14:21:56,593 [WARNING] apcs.main: Sensor read failed (attempt 4/5): '_ColorSpacePoint' object has no attribute 'X'
2026-07-08 14:21:56,700 [WARNING] apcs.main: Sensor read failed (attempt 5/5): '_ColorSpacePoint' object has no attribute 'X'
2026-07-08 14:21:56,803 [ERROR] apcs.main: Sensor unresponsive after 5 attempts.
2026-07-08 14:21:56,819 [WARNING] apcs.main: Sensor read failed (attempt 1/5): '_ColorSpacePoint' object has no attribute 'X'
2026-07-08 14:21:56,929 [WARNING] apcs.main: Sensor read failed (attempt 2/5): '_ColorSpacePoint' object has no attribute 'X'
2026-07-08 14:21:57,048 [WARNING] apcs.main: Sensor read failed (attempt 3/5): '_ColorSpacePoint' object has no attribute 'X'
2026-07-08 14:21:57,159 [WARNING] apcs.main: Sensor read failed (attempt 4/5): '_ColorSpacePoint' object has no attribute 'X'
2026-07-08 14:21:57,281 [WARNING] apcs.main: Sensor read failed (attempt 5/5): '_ColorSpacePoint' object has no attribute 'X'
2026-07-08 14:21:57,383 [ERROR] apcs.main: Sensor unresponsive after 5 attempts.
2026-07-08 14:21:57,396 [WARNING] apcs.main: Sensor read failed (attempt 1/5): '_ColorSpacePoint' object has no attribute 'X'
2026-07-08 14:21:57,517 [WARNING] apcs.main: Sensor read failed (attempt 2/5): '_ColorSpacePoint' object has no attribute 'X'
2026-07-08 14:21:57,628 [WARNING] apcs.main: Sensor read failed (attempt 3/5): '_ColorSpacePoint' object has no attribute 'X'
2026-07-08 14:21:57,737 [WARNING] apcs.main: Sensor read failed (attempt 4/5): '_ColorSpacePoint' object has no attribute 'X'
2026-07-08 14:21:57,849 [WARNING] apcs.main: Sensor read failed (attempt 5/5): '_ColorSpacePoint' object has no attribute 'X'
2026-07-08 14:21:57,952 [ERROR] apcs.main: Sensor unresponsive after 5 attempts.
2026-07-08 14:21:57,966 [WARNING] apcs.main: Sensor read failed (attempt 1/5): '_ColorSpacePoint' object has no attribute 'X'
2026-07-08 14:21:58,083 [WARNING] apcs.main: Sensor read failed (attempt 2/5): '_ColorSpacePoint' object has no attribute 'X'
2026-07-08 14:21:58,196 [WARNING] apcs.main: Sensor read failed (attempt 3/5): '_ColorSpacePoint' object has no attribute 'X'
2026-07-08 14:21:58,312 [WARNING] apcs.main: Sensor read failed (attempt 4/5): '_ColorSpacePoint' object has no attribute 'X'
2026-07-08 14:21:58,419 [WARNING] apcs.main: Sensor read failed (attempt 5/5): '_ColorSpacePoint' object has no attribute 'X'
2026-07-08 14:21:58,521 [ERROR] apcs.main: Sensor unresponsive after 5 attempts.
2026-07-08 14:21:58,527 [WARNING] apcs.main: Sensor read failed (attempt 1/5): '_ColorSpacePoint' object has no attribute 'X'
2026-07-08 14:21:58,636 [WARNING] apcs.main: Sensor read failed (attempt 2/5): '_ColorSpacePoint' object has no attribute 'X'
2026-07-08 14:21:58,747 [WARNING] apcs.main: Sensor read failed (attempt 3/5): '_ColorSpacePoint' object has no attribute 'X'
2026-07-08 14:21:58,854 [WARNING] apcs.main: Sensor read failed (attempt 4/5): '_ColorSpacePoint' object has no attribute 'X'
2026-07-08 14:21:58,966 [WARNING] apcs.main: Sensor read failed (attempt 5/5): '_ColorSpacePoint' object has no attribute 'X'
2026-07-08 14:21:59,068 [ERROR] apcs.main: Sensor unresponsive after 5 attempts.
2026-07-08 14:21:59,079 [WARNING] apcs.main: Sensor read failed (attempt 1/5): '_ColorSpacePoint' object has no attribute 'X'
2026-07-08 14:21:59,185 [WARNING] apcs.main: Sensor read failed (attempt 2/5): '_ColorSpacePoint' object has no attribute 'X'
2026-07-08 14:21:59,291 [WARNING] apcs.main: Sensor read failed (attempt 3/5): '_ColorSpacePoint' object has no attribute 'X'
2026-07-08 14:21:59,398 [WARNING] apcs.main: Sensor read failed (attempt 4/5): '_ColorSpacePoint' object has no attribute 'X'
2026-07-08 14:21:59,513 [WARNING] apcs.main: Sensor read failed (attempt 5/5): '_ColorSpacePoint' object has no attribute 'X'
2026-07-08 14:21:59,616 [ERROR] apcs.main: Sensor unresponsive after 5 attempts.
2026-07-08 14:21:59,627 [WARNING] apcs.main: Sensor read failed (attempt 1/5): '_ColorSpacePoint' object has no attribute 'X'
2026-07-08 14:21:59,734 [WARNING] apcs.main: Sensor read failed (attempt 2/5): '_ColorSpacePoint' object has no attribute 'X'
2026-07-08 14:21:59,847 [WARNING] apcs.main: Sensor read failed (attempt 3/5): '_ColorSpacePoint' object has no attribute 'X'
2026-07-08 14:21:59,958 [WARNING] apcs.main: Sensor read failed (attempt 4/5): '_ColorSpacePoint' object has no attribute 'X'
2026-07-08 14:22:00,066 [WARNING] apcs.main: Sensor read failed (attempt 5/5): '_ColorSpacePoint' object has no attribute 'X'
2026-07-08 14:22:00,168 [ERROR] apcs.main: Sensor unresponsive after 5 attempts.
2026-07-08 14:22:00,178 [WARNING] apcs.main: Sensor read failed (attempt 1/5): '_ColorSpacePoint' object has no attribute 'X'
2026-07-08 14:22:00,288 [WARNING] apcs.main: Sensor read failed (attempt 2/5): '_ColorSpacePoint' object has no attribute 'X'
2026-07-08 14:22:00,399 [WARNING] apcs.main: Sensor read failed (attempt 3/5): '_ColorSpacePoint' object has no attribute 'X'
2026-07-08 14:22:00,512 [WARNING] apcs.main: Sensor read failed (attempt 4/5): '_ColorSpacePoint' object has no attribute 'X'
2026-07-08 14:22:00,623 [WARNING] apcs.main: Sensor read failed (attempt 5/5): '_ColorSpacePoint' object has no attribute 'X'
2026-07-08 14:22:00,726 [ERROR] apcs.main: Sensor unresponsive after 5 attempts.
2026-07-08 14:22:00,738 [WARNING] apcs.main: Sensor read failed (attempt 1/5): '_ColorSpacePoint' object has no attribute 'X'
2026-07-08 14:22:00,848 [WARNING] apcs.main: Sensor read failed (attempt 2/5): '_ColorSpacePoint' object has no attribute 'X'
2026-07-08 14:22:00,958 [WARNING] apcs.main: Sensor read failed (attempt 3/5): '_ColorSpacePoint' object has no attribute 'X'
2026-07-08 14:22:01,066 [WARNING] apcs.main: Sensor read failed (attempt 4/5): '_ColorSpacePoint' object has no attribute 'X'
2026-07-08 14:22:01,174 [WARNING] apcs.main: Sensor read failed (attempt 5/5): '_ColorSpacePoint' object has no attribute 'X'
2026-07-08 14:22:01,276 [ERROR] apcs.main: Sensor unresponsive after 5 attempts.
2026-07-08 14:22:01,290 [WARNING] apcs.main: Sensor read failed (attempt 1/5): '_ColorSpacePoint' object has no attribute 'X'
2026-07-08 14:22:01,400 [WARNING] apcs.main: Sensor read failed (attempt 2/5): '_ColorSpacePoint' object has no attribute 'X'
2026-07-08 14:22:01,513 [WARNING] apcs.main: Sensor read failed (attempt 3/5): '_ColorSpacePoint' object has no attribute 'X'
2026-07-08 14:22:01,624 [WARNING] apcs.main: Sensor read failed (attempt 4/5): '_ColorSpacePoint' object has no attribute 'X'
2026-07-08 14:22:01,736 [WARNING] apcs.main: Sensor read failed (attempt 5/5): '_ColorSpacePoint' object has no attribute 'X'
2026-07-08 14:22:01,838 [ERROR] apcs.main: Sensor unresponsive after 5 attempts.
2026-07-08 14:22:01,848 [WARNING] apcs.main: Sensor read failed (attempt 1/5): '_ColorSpacePoint' object has no attribute 'X'
2026-07-08 14:22:01,954 [WARNING] apcs.main: Sensor read failed (attempt 2/5): '_ColorSpacePoint' object has no attribute 'X'
2026-07-08 14:22:02,059 [WARNING] apcs.main: Sensor read failed (attempt 3/5): '_ColorSpacePoint' object has no attribute 'X'
2026-07-08 14:22:02,167 [WARNING] apcs.main: Sensor read failed (attempt 4/5): '_ColorSpacePoint' object has no attribute 'X'
2026-07-08 14:22:02,278 [WARNING] apcs.main: Sensor read failed (attempt 5/5): '_ColorSpacePoint' object has no attribute 'X'
2026-07-08 14:22:02,381 [ERROR] apcs.main: Sensor unresponsive after 5 attempts.
2026-07-08 14:22:02,397 [WARNING] apcs.main: Sensor read failed (attempt 1/5): '_ColorSpacePoint' object has no attribute 'X'
2026-07-08 14:22:02,508 [WARNING] apcs.main: Sensor read failed (attempt 2/5): '_ColorSpacePoint' object has no attribute 'X'
2026-07-08 14:22:02,619 [WARNING] apcs.main: Sensor read failed (attempt 3/5): '_ColorSpacePoint' object has no attribute 'X'
2026-07-08 14:22:02,725 [WARNING] apcs.main: Sensor read failed (attempt 4/5): '_ColorSpacePoint' object has no attribute 'X'
2026-07-08 14:22:02,832 [WARNING] apcs.main: Sensor read failed (attempt 5/5): '_ColorSpacePoint' object has no attribute 'X'
2026-07-08 14:22:02,934 [ERROR] apcs.main: Sensor unresponsive after 5 attempts.
2026-07-08 14:22:02,942 [WARNING] apcs.main: Sensor read failed (attempt 1/5): '_ColorSpacePoint' object has no attribute 'X'
2026-07-08 14:22:03,054 [WARNING] apcs.main: Sensor read failed (attempt 2/5): '_ColorSpacePoint' object has no attribute 'X'
2026-07-08 14:22:03,161 [WARNING] apcs.main: Sensor read failed (attempt 3/5): '_ColorSpacePoint' object has no attribute 'X'
2026-07-08 14:22:03,269 [WARNING] apcs.main: Sensor read failed (attempt 4/5): '_ColorSpacePoint' object has no attribute 'X'
2026-07-08 14:22:03,376 [WARNING] apcs.main: Sensor read failed (attempt 5/5): '_ColorSpacePoint' object has no attribute 'X'
2026-07-08 14:22:03,479 [ERROR] apcs.main: Sensor unresponsive after 5 attempts.
2026-07-08 14:22:03,491 [WARNING] apcs.main: Sensor read failed (attempt 1/5): '_ColorSpacePoint' object has no attribute 'X'
2026-07-08 14:22:03,599 [WARNING] apcs.main: Sensor read failed (attempt 2/5): '_ColorSpacePoint' object has no attribute 'X'
2026-07-08 14:22:03,706 [WARNING] apcs.main: Sensor read failed (attempt 3/5): '_ColorSpacePoint' object has no attribute 'X'
2026-07-08 14:22:03,818 [WARNING] apcs.main: Sensor read failed (attempt 4/5): '_ColorSpacePoint' object has no attribute 'X'
2026-07-08 14:22:03,924 [WARNING] apcs.main: Sensor read failed (attempt 5/5): '_ColorSpacePoint' object has no attribute 'X'
2026-07-08 14:22:04,025 [ERROR] apcs.main: Sensor unresponsive after 5 attempts.
2026-07-08 14:22:04,047 [WARNING] apcs.main: Sensor read failed (attempt 1/5): '_ColorSpacePoint' object has no attribute 'X'
2026-07-08 14:22:04,158 [WARNING] apcs.main: Sensor read failed (attempt 2/5): '_ColorSpacePoint' object has no attribute 'X'
2026-07-08 14:22:04,268 [WARNING] apcs.main: Sensor read failed (attempt 3/5): '_ColorSpacePoint' object has no attribute 'X'
2026-07-08 14:22:04,381 [WARNING] apcs.main: Sensor read failed (attempt 4/5): '_ColorSpacePoint' object has no attribute 'X'
2026-07-08 14:22:04,491 [WARNING] apcs.main: Sensor read failed (attempt 5/5): '_ColorSpacePoint' object has no attribute 'X'
2026-07-08 14:22:04,594 [ERROR] apcs.main: Sensor unresponsive after 5 attempts.
2026-07-08 14:22:04,613 [WARNING] apcs.main: Sensor read failed (attempt 1/5): '_ColorSpacePoint' object has no attribute 'X'
2026-07-08 14:22:04,724 [WARNING] apcs.main: Sensor read failed (attempt 2/5): '_ColorSpacePoint' object has no attribute 'X'
2026-07-08 14:22:04,836 [WARNING] apcs.main: Sensor read failed (attempt 3/5): '_ColorSpacePoint' object has no attribute 'X'
2026-07-08 14:22:04,949 [WARNING] apcs.main: Sensor read failed (attempt 4/5): '_ColorSpacePoint' object has no attribute 'X'
2026-07-08 14:22:05,060 [WARNING] apcs.main: Sensor read failed (attempt 5/5): '_ColorSpacePoint' object has no attribute 'X'
2026-07-08 14:22:05,164 [ERROR] apcs.main: Sensor unresponsive after 5 attempts.
2026-07-08 14:22:05,176 [WARNING] apcs.main: Sensor read failed (attempt 1/5): '_ColorSpacePoint' object has no attribute 'X'
2026-07-08 14:22:05,283 [WARNING] apcs.main: Sensor read failed (attempt 2/5): '_ColorSpacePoint' object has no attribute 'X'
2026-07-08 14:22:05,388 [WARNING] apcs.main: Sensor read failed (attempt 3/5): '_ColorSpacePoint' object has no attribute 'X'
2026-07-08 14:22:05,494 [WARNING] apcs.main: Sensor read failed (attempt 4/5): '_ColorSpacePoint' object has no attribute 'X'
2026-07-08 14:22:05,606 [WARNING] apcs.main: Sensor read failed (attempt 5/5): '_ColorSpacePoint' object has no attribute 'X'
2026-07-08 14:22:05,708 [ERROR] apcs.main: Sensor unresponsive after 5 attempts.
2026-07-08 14:22:05,727 [WARNING] apcs.main: Sensor read failed (attempt 1/5): '_ColorSpacePoint' object has no attribute 'X'
2026-07-08 14:22:05,833 [WARNING] apcs.main: Sensor read failed (attempt 2/5): '_ColorSpacePoint' object has no attribute 'X'
2026-07-08 14:22:05,943 [WARNING] apcs.main: Sensor read failed (attempt 3/5): '_ColorSpacePoint' object has no attribute 'X'
2026-07-08 14:22:06,054 [WARNING] apcs.main: Sensor read failed (attempt 4/5): '_ColorSpacePoint' object has no attribute 'X'
2026-07-08 14:22:06,162 [WARNING] apcs.main: Sensor read failed (attempt 5/5): '_ColorSpacePoint' object has no attribute 'X'
2026-07-08 14:22:06,264 [ERROR] apcs.main: Sensor unresponsive after 5 attempts.
2026-07-08 14:22:06,283 [WARNING] apcs.main: Sensor read failed (attempt 1/5): '_ColorSpacePoint' object has no attribute 'X'
2026-07-08 14:22:06,391 [WARNING] apcs.main: Sensor read failed (attempt 2/5): '_ColorSpacePoint' object has no attribute 'X'
2026-07-08 14:22:06,499 [WARNING] apcs.main: Sensor read failed (attempt 3/5): '_ColorSpacePoint' object has no attribute 'X'
2026-07-08 14:22:06,611 [WARNING] apcs.main: Sensor read failed (attempt 4/5): '_ColorSpacePoint' object has no attribute 'X'
2026-07-08 14:22:06,723 [WARNING] apcs.main: Sensor read failed (attempt 5/5): '_ColorSpacePoint' object has no attribute 'X'
2026-07-08 14:22:06,826 [ERROR] apcs.main: Sensor unresponsive after 5 attempts.
2026-07-08 14:22:06,842 [WARNING] apcs.main: Sensor read failed (attempt 1/5): '_ColorSpacePoint' object has no attribute 'X'
2026-07-08 14:22:06,954 [WARNING] apcs.main: Sensor read failed (attempt 2/5): '_ColorSpacePoint' object has no attribute 'X'
2026-07-08 14:22:07,067 [WARNING] apcs.main: Sensor read failed (attempt 3/5): '_ColorSpacePoint' object has no attribute 'X'
2026-07-08 14:22:07,179 [WARNING] apcs.main: Sensor read failed (attempt 4/5): '_ColorSpacePoint' object has no attribute 'X'
2026-07-08 14:22:07,292 [WARNING] apcs.main: Sensor read failed (attempt 5/5): '_ColorSpacePoint' object has no attribute 'X'
2026-07-08 14:22:07,395 [ERROR] apcs.main: Sensor unresponsive after 5 attempts.
2026-07-08 14:22:07,417 [WARNING] apcs.main: Sensor read failed (attempt 1/5): '_ColorSpacePoint' object has no attribute 'X'
2026-07-08 14:22:07,529 [WARNING] apcs.main: Sensor read failed (attempt 2/5): '_ColorSpacePoint' object has no attribute 'X'
2026-07-08 14:22:07,641 [WARNING] apcs.main: Sensor read failed (attempt 3/5): '_ColorSpacePoint' object has no attribute 'X'
2026-07-08 14:22:07,752 [WARNING] apcs.main: Sensor read failed (attempt 4/5): '_ColorSpacePoint' object has no attribute 'X'
2026-07-08 14:22:07,860 [WARNING] apcs.main: Sensor read failed (attempt 5/5): '_ColorSpacePoint' object has no attribute 'X'
2026-07-08 14:22:07,964 [ERROR] apcs.main: Sensor unresponsive after 5 attempts.
2026-07-08 14:22:07,984 [WARNING] apcs.main: Sensor read failed (attempt 1/5): '_ColorSpacePoint' object has no attribute 'X'
2026-07-08 14:22:08,096 [WARNING] apcs.main: Sensor read failed (attempt 2/5): '_ColorSpacePoint' object has no attribute 'X'
2026-07-08 14:22:08,206 [WARNING] apcs.main: Sensor read failed (attempt 3/5): '_ColorSpacePoint' object has no attribute 'X'
2026-07-08 14:22:08,317 [WARNING] apcs.main: Sensor read failed (attempt 4/5): '_ColorSpacePoint' object has no attribute 'X'
2026-07-08 14:22:08,429 [WARNING] apcs.main: Sensor read failed (attempt 5/5): '_ColorSpacePoint' object has no attribute 'X'
2026-07-08 14:22:08,532 [ERROR] apcs.main: Sensor unresponsive after 5 attempts.
2026-07-08 14:22:08,558 [WARNING] apcs.main: Sensor read failed (attempt 1/5): '_ColorSpacePoint' object has no attribute 'X'
2026-07-08 14:22:08,669 [WARNING] apcs.main: Sensor read failed (attempt 2/5): '_ColorSpacePoint' object has no attribute 'X'
2026-07-08 14:22:08,780 [WARNING] apcs.main: Sensor read failed (attempt 3/5): '_ColorSpacePoint' object has no attribute 'X'
2026-07-08 14:22:08,891 [WARNING] apcs.main: Sensor read failed (attempt 4/5): '_ColorSpacePoint' object has no attribute 'X'
2026-07-08 14:22:09,004 [WARNING] apcs.main: Sensor read failed (attempt 5/5): '_ColorSpacePoint' object has no attribute 'X'
2026-07-08 14:22:09,106 [ERROR] apcs.main: Sensor unresponsive after 5 attempts.
2026-07-08 14:22:09,128 [WARNING] apcs.main: Sensor read failed (attempt 1/5): '_ColorSpacePoint' object has no attribute 'X'
2026-07-08 14:22:09,240 [WARNING] apcs.main: Sensor read failed (attempt 2/5): '_ColorSpacePoint' object has no attribute 'X'
2026-07-08 14:22:09,350 [WARNING] apcs.main: Sensor read failed (attempt 3/5): '_ColorSpacePoint' object has no attribute 'X'
2026-07-08 14:22:09,462 [WARNING] apcs.main: Sensor read failed (attempt 4/5): '_ColorSpacePoint' object has no attribute 'X'
2026-07-08 14:22:09,575 [WARNING] apcs.main: Sensor read failed (attempt 5/5): '_ColorSpacePoint' object has no attribute 'X'
2026-07-08 14:22:09,677 [ERROR] apcs.main: Sensor unresponsive after 5 attempts.
2026-07-08 14:22:09,695 [WARNING] apcs.main: Sensor read failed (attempt 1/5): '_ColorSpacePoint' object has no attribute 'X'
2026-07-08 14:22:09,805 [WARNING] apcs.main: Sensor read failed (attempt 2/5): '_ColorSpacePoint' object has no attribute 'X'
2026-07-08 14:22:09,915 [WARNING] apcs.main: Sensor read failed (attempt 3/5): '_ColorSpacePoint' object has no attribute 'X'
2026-07-08 14:22:10,026 [WARNING] apcs.main: Sensor read failed (attempt 4/5): '_ColorSpacePoint' object has no attribute 'X'
2026-07-08 14:22:10,139 [WARNING] apcs.main: Sensor read failed (attempt 5/5): '_ColorSpacePoint' object has no attribute 'X'
2026-07-08 14:22:10,241 [ERROR] apcs.main: Sensor unresponsive after 5 attempts.
2026-07-08 14:22:10,264 [WARNING] apcs.main: Sensor read failed (attempt 1/5): '_ColorSpacePoint' object has no attribute 'X'
2026-07-08 14:22:10,376 [WARNING] apcs.main: Sensor read failed (attempt 2/5): '_ColorSpacePoint' object has no attribute 'X'
2026-07-08 14:22:10,491 [WARNING] apcs.main: Sensor read failed (attempt 3/5): '_ColorSpacePoint' object has no attribute 'X'
2026-07-08 14:22:10,599 [WARNING] apcs.main: Sensor read failed (attempt 4/5): '_ColorSpacePoint' object has no attribute 'X'
2026-07-08 14:22:10,706 [WARNING] apcs.main: Sensor read failed (attempt 5/5): '_ColorSpacePoint' object has no attribute 'X'
2026-07-08 14:22:10,809 [ERROR] apcs.main: Sensor unresponsive after 5 attempts.
2026-07-08 14:22:10,831 [WARNING] apcs.main: Sensor read failed (attempt 1/5): '_ColorSpacePoint' object has no attribute 'X'
2026-07-08 14:22:10,936 [WARNING] apcs.main: Sensor read failed (attempt 2/5): '_ColorSpacePoint' object has no attribute 'X'
2026-07-08 14:22:11,044 [WARNING] apcs.main: Sensor read failed (attempt 3/5): '_ColorSpacePoint' object has no attribute 'X'
2026-07-08 14:22:11,159 [WARNING] apcs.main: Sensor read failed (attempt 4/5): '_ColorSpacePoint' object has no attribute 'X'
2026-07-08 14:22:11,271 [WARNING] apcs.main: Sensor read failed (attempt 5/5): '_ColorSpacePoint' object has no attribute 'X'
2026-07-08 14:22:11,374 [ERROR] apcs.main: Sensor unresponsive after 5 attempts.
2026-07-08 14:22:11,400 [WARNING] apcs.main: Sensor read failed (attempt 1/5): '_ColorSpacePoint' object has no attribute 'X'
2026-07-08 14:22:11,512 [WARNING] apcs.main: Sensor read failed (attempt 2/5): '_ColorSpacePoint' object has no attribute 'X'
2026-07-08 14:22:11,625 [WARNING] apcs.main: Sensor read failed (attempt 3/5): '_ColorSpacePoint' object has no attribute 'X'
2026-07-08 14:22:11,733 [WARNING] apcs.main: Sensor read failed (attempt 4/5): '_ColorSpacePoint' object has no attribute 'X'
2026-07-08 14:22:11,845 [WARNING] apcs.main: Sensor read failed (attempt 5/5): '_ColorSpacePoint' object has no attribute 'X'
2026-07-08 14:22:11,949 [ERROR] apcs.main: Sensor unresponsive after 5 attempts.
2026-07-08 14:22:11,963 [WARNING] apcs.main: Sensor read failed (attempt 1/5): '_ColorSpacePoint' object has no attribute 'X'
2026-07-08 14:22:12,069 [WARNING] apcs.main: Sensor read failed (attempt 2/5): '_ColorSpacePoint' object has no attribute 'X'
2026-07-08 14:22:12,175 [WARNING] apcs.main: Sensor read failed (attempt 3/5): '_ColorSpacePoint' object has no attribute 'X'
2026-07-08 14:22:12,295 [WARNING] apcs.main: Sensor read failed (attempt 4/5): '_ColorSpacePoint' object has no attribute 'X'
2026-07-08 14:22:12,408 [WARNING] apcs.main: Sensor read failed (attempt 5/5): '_ColorSpacePoint' object has no attribute 'X'
2026-07-08 14:22:12,510 [ERROR] apcs.main: Sensor unresponsive after 5 attempts.
2026-07-08 14:22:12,528 [WARNING] apcs.main: Sensor read failed (attempt 1/5): '_ColorSpacePoint' object has no attribute 'X'
2026-07-08 14:22:12,634 [WARNING] apcs.main: Sensor read failed (attempt 2/5): '_ColorSpacePoint' object has no attribute 'X'
2026-07-08 14:22:12,746 [WARNING] apcs.main: Sensor read failed (attempt 3/5): '_ColorSpacePoint' object has no attribute 'X'
2026-07-08 14:22:12,859 [WARNING] apcs.main: Sensor read failed (attempt 4/5): '_ColorSpacePoint' object has no attribute 'X'
2026-07-08 14:22:12,968 [WARNING] apcs.main: Sensor read failed (attempt 5/5): '_ColorSpacePoint' object has no attribute 'X'
2026-07-08 14:22:13,069 [ERROR] apcs.main: Sensor unresponsive after 5 attempts.
2026-07-08 14:22:13,093 [WARNING] apcs.main: Sensor read failed (attempt 1/5): '_ColorSpacePoint' object has no attribute 'X'
2026-07-08 14:22:13,206 [WARNING] apcs.main: Sensor read failed (attempt 2/5): '_ColorSpacePoint' object has no attribute 'X'
2026-07-08 14:22:13,324 [WARNING] apcs.main: Sensor read failed (attempt 3/5): '_ColorSpacePoint' object has no attribute 'X'
2026-07-08 14:22:13,434 [WARNING] apcs.main: Sensor read failed (attempt 4/5): '_ColorSpacePoint' object has no attribute 'X'
2026-07-08 14:22:13,544 [WARNING] apcs.main: Sensor read failed (attempt 5/5): '_ColorSpacePoint' object has no attribute 'X'
2026-07-08 14:22:13,646 [ERROR] apcs.main: Sensor unresponsive after 5 attempts.
2026-07-08 14:22:13,658 [WARNING] apcs.main: Sensor read failed (attempt 1/5): '_ColorSpacePoint' object has no attribute 'X'
2026-07-08 14:22:13,767 [WARNING] apcs.main: Sensor read failed (attempt 2/5): '_ColorSpacePoint' object has no attribute 'X'
2026-07-08 14:22:13,879 [WARNING] apcs.main: Sensor read failed (attempt 3/5): '_ColorSpacePoint' object has no attribute 'X'
2026-07-08 14:22:13,992 [WARNING] apcs.main: Sensor read failed (attempt 4/5): '_ColorSpacePoint' object has no attribute 'X'
2026-07-08 14:22:14,102 [WARNING] apcs.main: Sensor read failed (attempt 5/5): '_ColorSpacePoint' object has no attribute 'X'
2026-07-08 14:22:14,205 [ERROR] apcs.main: Sensor unresponsive after 5 attempts.
2026-07-08 14:22:14,226 [WARNING] apcs.main: Sensor read failed (attempt 1/5): '_ColorSpacePoint' object has no attribute 'X'
2026-07-08 14:22:14,337 [WARNING] apcs.main: Sensor read failed (attempt 2/5): '_ColorSpacePoint' object has no attribute 'X'
2026-07-08 14:22:14,445 [WARNING] apcs.main: Sensor read failed (attempt 3/5): '_ColorSpacePoint' object has no attribute 'X'
2026-07-08 14:22:14,555 [WARNING] apcs.main: Sensor read failed (attempt 4/5): '_ColorSpacePoint' object has no attribute 'X'
2026-07-08 14:22:14,663 [WARNING] apcs.main: Sensor read failed (attempt 5/5): '_ColorSpacePoint' object has no attribute 'X'
2026-07-08 14:22:14,766 [ERROR] apcs.main: Sensor unresponsive after 5 attempts.
2026-07-08 14:22:14,792 [WARNING] apcs.main: Sensor read failed (attempt 1/5): '_ColorSpacePoint' object has no attribute 'X'
2026-07-08 14:22:14,898 [WARNING] apcs.main: Sensor read failed (attempt 2/5): '_ColorSpacePoint' object has no attribute 'X'
2026-07-08 14:22:15,010 [WARNING] apcs.main: Sensor read failed (attempt 3/5): '_ColorSpacePoint' object has no attribute 'X'
2026-07-08 14:22:15,126 [WARNING] apcs.main: Sensor read failed (attempt 4/5): '_ColorSpacePoint' object has no attribute 'X'
2026-07-08 14:22:15,237 [WARNING] apcs.main: Sensor read failed (attempt 5/5): '_ColorSpacePoint' object has no attribute 'X'
2026-07-08 14:22:15,339 [ERROR] apcs.main: Sensor unresponsive after 5 attempts.
2026-07-08 14:22:15,357 [WARNING] apcs.main: Sensor read failed (attempt 1/5): '_ColorSpacePoint' object has no attribute 'X'
2026-07-08 14:22:15,466 [WARNING] apcs.main: Sensor read failed (attempt 2/5): '_ColorSpacePoint' object has no attribute 'X'
2026-07-08 14:22:15,578 [WARNING] apcs.main: Sensor read failed (attempt 3/5): '_ColorSpacePoint' object has no attribute 'X'
2026-07-08 14:22:15,695 [WARNING] apcs.main: Sensor read failed (attempt 4/5): '_ColorSpacePoint' object has no attribute 'X'
2026-07-08 14:22:15,806 [WARNING] apcs.main: Sensor read failed (attempt 5/5): '_ColorSpacePoint' object has no attribute 'X'
2026-07-08 14:22:15,907 [ERROR] apcs.main: Sensor unresponsive after 5 attempts.
2026-07-08 14:22:15,929 [WARNING] apcs.main: Sensor read failed (attempt 1/5): '_ColorSpacePoint' object has no attribute 'X'
2026-07-08 14:22:16,038 [WARNING] apcs.main: Sensor read failed (attempt 2/5): '_ColorSpacePoint' object has no attribute 'X'
2026-07-08 14:22:16,150 [WARNING] apcs.main: Sensor read failed (attempt 3/5): '_ColorSpacePoint' object has no attribute 'X'
2026-07-08 14:22:16,259 [WARNING] apcs.main: Sensor read failed (attempt 4/5): '_ColorSpacePoint' object has no attribute 'X'
2026-07-08 14:22:16,365 [WARNING] apcs.main: Sensor read failed (attempt 5/5): '_ColorSpacePoint' object has no attribute 'X'
2026-07-08 14:22:16,468 [ERROR] apcs.main: Sensor unresponsive after 5 attempts.
2026-07-08 14:22:16,491 [WARNING] apcs.main: Sensor read failed (attempt 1/5): '_ColorSpacePoint' object has no attribute 'X'
2026-07-08 14:22:16,597 [WARNING] apcs.main: Sensor read failed (attempt 2/5): '_ColorSpacePoint' object has no attribute 'X'
2026-07-08 14:22:16,709 [WARNING] apcs.main: Sensor read failed (attempt 3/5): '_ColorSpacePoint' object has no attribute 'X'
2026-07-08 14:22:16,831 [WARNING] apcs.main: Sensor read failed (attempt 4/5): '_ColorSpacePoint' object has no attribute 'X'
2026-07-08 14:22:16,942 [WARNING] apcs.main: Sensor read failed (attempt 5/5): '_ColorSpacePoint' object has no attribute 'X'
2026-07-08 14:22:17,045 [ERROR] apcs.main: Sensor unresponsive after 5 attempts.
2026-07-08 14:22:17,067 [WARNING] apcs.main: Sensor read failed (attempt 1/5): '_ColorSpacePoint' object has no attribute 'X'
2026-07-08 14:22:17,178 [WARNING] apcs.main: Sensor read failed (attempt 2/5): '_ColorSpacePoint' object has no attribute 'X'
2026-07-08 14:22:17,289 [WARNING] apcs.main: Sensor read failed (attempt 3/5): '_ColorSpacePoint' object has no attribute 'X'
2026-07-08 14:22:17,400 [WARNING] apcs.main: Sensor read failed (attempt 4/5): '_ColorSpacePoint' object has no attribute 'X'
2026-07-08 14:22:17,509 [WARNING] apcs.main: Sensor read failed (attempt 5/5): '_ColorSpacePoint' object has no attribute 'X'
2026-07-08 14:22:17,612 [ERROR] apcs.main: Sensor unresponsive after 5 attempts.
2026-07-08 14:22:17,636 [WARNING] apcs.main: Sensor read failed (attempt 1/5): '_ColorSpacePoint' object has no attribute 'X'
2026-07-08 14:22:17,748 [WARNING] apcs.main: Sensor read failed (attempt 2/5): '_ColorSpacePoint' object has no attribute 'X'
2026-07-08 14:22:17,859 [WARNING] apcs.main: Sensor read failed (attempt 3/5): '_ColorSpacePoint' object has no attribute 'X'
2026-07-08 14:22:17,972 [WARNING] apcs.main: Sensor read failed (attempt 4/5): '_ColorSpacePoint' object has no attribute 'X'
2026-07-08 14:22:18,081 [WARNING] apcs.main: Sensor read failed (attempt 5/5): '_ColorSpacePoint' object has no attribute 'X'
2026-07-08 14:22:18,185 [ERROR] apcs.main: Sensor unresponsive after 5 attempts.
2026-07-08 14:22:18,201 [WARNING] apcs.main: Sensor read failed (attempt 1/5): '_ColorSpacePoint' object has no attribute 'X'
2026-07-08 14:22:18,312 [WARNING] apcs.main: Sensor read failed (attempt 2/5): '_ColorSpacePoint' object has no attribute 'X'
2026-07-08 14:22:18,424 [WARNING] apcs.main: Sensor read failed (attempt 3/5): '_ColorSpacePoint' object has no attribute 'X'
2026-07-08 14:22:18,531 [WARNING] apcs.main: Sensor read failed (attempt 4/5): '_ColorSpacePoint' object has no attribute 'X'
2026-07-08 14:22:18,643 [WARNING] apcs.main: Sensor read failed (attempt 5/5): '_ColorSpacePoint' object has no attribute 'X'
2026-07-08 14:22:18,745 [ERROR] apcs.main: Sensor unresponsive after 5 attempts.
2026-07-08 14:22:18,764 [WARNING] apcs.main: Sensor read failed (attempt 1/5): '_ColorSpacePoint' object has no attribute 'X'
2026-07-08 14:22:18,876 [WARNING] apcs.main: Sensor read failed (attempt 2/5): '_ColorSpacePoint' object has no attribute 'X'
2026-07-08 14:22:18,987 [WARNING] apcs.main: Sensor read failed (attempt 3/5): '_ColorSpacePoint' object has no attribute 'X'
2026-07-08 14:22:19,097 [WARNING] apcs.main: Sensor read failed (attempt 4/5): '_ColorSpacePoint' object has no attribute 'X'
2026-07-08 14:22:19,209 [WARNING] apcs.main: Sensor read failed (attempt 5/5): '_ColorSpacePoint' object has no attribute 'X'
2026-07-08 14:22:19,312 [ERROR] apcs.main: Sensor unresponsive after 5 attempts.
2026-07-08 14:22:19,328 [WARNING] apcs.main: Sensor read failed (attempt 1/5): '_ColorSpacePoint' object has no attribute 'X'
2026-07-08 14:22:19,440 [WARNING] apcs.main: Sensor read failed (attempt 2/5): '_ColorSpacePoint' object has no attribute 'X'
2026-07-08 14:22:19,552 [WARNING] apcs.main: Sensor read failed (attempt 3/5): '_ColorSpacePoint' object has no attribute 'X'
2026-07-08 14:22:19,663 [WARNING] apcs.main: Sensor read failed (attempt 4/5): '_ColorSpacePoint' object has no attribute 'X'
2026-07-08 14:22:19,775 [WARNING] apcs.main: Sensor read failed (attempt 5/5): '_ColorSpacePoint' object has no attribute 'X'
2026-07-08 14:22:19,878 [ERROR] apcs.main: Sensor unresponsive after 5 attempts.
2026-07-08 14:22:19,900 [WARNING] apcs.main: Sensor read failed (attempt 1/5): '_ColorSpacePoint' object has no attribute 'X'
2026-07-08 14:22:20,010 [WARNING] apcs.main: Sensor read failed (attempt 2/5): '_ColorSpacePoint' object has no attribute 'X'
2026-07-08 14:22:20,120 [WARNING] apcs.main: Sensor read failed (attempt 3/5): '_ColorSpacePoint' object has no attribute 'X'
2026-07-08 14:22:20,229 [WARNING] apcs.main: Sensor read failed (attempt 4/5): '_ColorSpacePoint' object has no attribute 'X'
2026-07-08 14:22:20,341 [WARNING] apcs.main: Sensor read failed (attempt 5/5): '_ColorSpacePoint' object has no attribute 'X'
2026-07-08 14:22:20,445 [ERROR] apcs.main: Sensor unresponsive after 5 attempts.
2026-07-08 14:22:20,466 [WARNING] apcs.main: Sensor read failed (attempt 1/5): '_ColorSpacePoint' object has no attribute 'X'
2026-07-08 14:22:20,577 [WARNING] apcs.main: Sensor read failed (attempt 2/5): '_ColorSpacePoint' object has no attribute 'X'
2026-07-08 14:22:20,686 [WARNING] apcs.main: Sensor read failed (attempt 3/5): '_ColorSpacePoint' object has no attribute 'X'
2026-07-08 14:22:20,795 [WARNING] apcs.main: Sensor read failed (attempt 4/5): '_ColorSpacePoint' object has no attribute 'X'
2026-07-08 14:22:20,907 [WARNING] apcs.main: Sensor read failed (attempt 5/5): '_ColorSpacePoint' object has no attribute 'X'
2026-07-08 14:22:21,009 [ERROR] apcs.main: Sensor unresponsive after 5 attempts.
2026-07-08 14:22:21,029 [WARNING] apcs.main: Sensor read failed (attempt 1/5): '_ColorSpacePoint' object has no attribute 'X'
2026-07-08 14:22:21,141 [WARNING] apcs.main: Sensor read failed (attempt 2/5): '_ColorSpacePoint' object has no attribute 'X'
2026-07-08 14:22:21,252 [WARNING] apcs.main: Sensor read failed (attempt 3/5): '_ColorSpacePoint' object has no attribute 'X'
2026-07-08 14:22:21,362 [WARNING] apcs.main: Sensor read failed (attempt 4/5): '_ColorSpacePoint' object has no attribute 'X'
2026-07-08 14:22:21,470 [WARNING] apcs.main: Sensor read failed (attempt 5/5): '_ColorSpacePoint' object has no attribute 'X'
2026-07-08 14:22:21,572 [ERROR] apcs.main: Sensor unresponsive after 5 attempts.
2026-07-08 14:22:21,595 [WARNING] apcs.main: Sensor read failed (attempt 1/5): '_ColorSpacePoint' object has no attribute 'X'
2026-07-08 14:22:21,707 [WARNING] apcs.main: Sensor read failed (attempt 2/5): '_ColorSpacePoint' object has no attribute 'X'
2026-07-08 14:22:21,815 [WARNING] apcs.main: Sensor read failed (attempt 3/5): '_ColorSpacePoint' object has no attribute 'X'
2026-07-08 14:22:21,926 [WARNING] apcs.main: Sensor read failed (attempt 4/5): '_ColorSpacePoint' object has no attribute 'X'
2026-07-08 14:22:22,033 [WARNING] apcs.main: Sensor read failed (attempt 5/5): '_ColorSpacePoint' object has no attribute 'X'
2026-07-08 14:22:22,135 [ERROR] apcs.main: Sensor unresponsive after 5 attempts.
2026-07-08 14:22:22,144 [WARNING] apcs.main: Sensor read failed (attempt 1/5): '_ColorSpacePoint' object has no attribute 'X'
2026-07-08 14:22:22,252 [WARNING] apcs.main: Sensor read failed (attempt 2/5): '_ColorSpacePoint' object has no attribute 'X'
2026-07-08 14:22:22,362 [WARNING] apcs.main: Sensor read failed (attempt 3/5): '_ColorSpacePoint' object has no attribute 'X'
2026-07-08 14:22:22,475 [WARNING] apcs.main: Sensor read failed (attempt 4/5): '_ColorSpacePoint' object has no attribute 'X'
2026-07-08 14:22:22,583 [WARNING] apcs.main: Sensor read failed (attempt 5/5): '_ColorSpacePoint' object has no attribute 'X'
2026-07-08 14:22:22,685 [ERROR] apcs.main: Sensor unresponsive after 5 attempts.
2026-07-08 14:22:22,702 [WARNING] apcs.main: Sensor read failed (attempt 1/5): '_ColorSpacePoint' object has no attribute 'X'
2026-07-08 14:22:22,814 [WARNING] apcs.main: Sensor read failed (attempt 2/5): '_ColorSpacePoint' object has no attribute 'X'
2026-07-08 14:22:22,924 [WARNING] apcs.main: Sensor read failed (attempt 3/5): '_ColorSpacePoint' object has no attribute 'X'
2026-07-08 14:22:23,029 [WARNING] apcs.main: Sensor read failed (attempt 4/5): '_ColorSpacePoint' object has no attribute 'X'
2026-07-08 14:22:23,141 [WARNING] apcs.main: Sensor read failed (attempt 5/5): '_ColorSpacePoint' object has no attribute 'X'
2026-07-08 14:22:23,243 [ERROR] apcs.main: Sensor unresponsive after 5 attempts.
2026-07-08 14:22:23,258 [WARNING] apcs.main: Sensor read failed (attempt 1/5): '_ColorSpacePoint' object has no attribute 'X'
2026-07-08 14:22:23,365 [WARNING] apcs.main: Sensor read failed (attempt 2/5): '_ColorSpacePoint' object has no attribute 'X'
2026-07-08 14:22:23,476 [WARNING] apcs.main: Sensor read failed (attempt 3/5): '_ColorSpacePoint' object has no attribute 'X'
2026-07-08 14:22:23,583 [WARNING] apcs.main: Sensor read failed (attempt 4/5): '_ColorSpacePoint' object has no attribute 'X'
2026-07-08 14:22:23,695 [WARNING] apcs.main: Sensor read failed (attempt 5/5): '_ColorSpacePoint' object has no attribute 'X'
2026-07-08 14:22:23,798 [ERROR] apcs.main: Sensor unresponsive after 5 attempts.
2026-07-08 14:22:23,814 [WARNING] apcs.main: Sensor read failed (attempt 1/5): '_ColorSpacePoint' object has no attribute 'X'
2026-07-08 14:22:23,926 [WARNING] apcs.main: Sensor read failed (attempt 2/5): '_ColorSpacePoint' object has no attribute 'X'
2026-07-08 14:22:24,035 [WARNING] apcs.main: Sensor read failed (attempt 3/5): '_ColorSpacePoint' object has no attribute 'X'
2026-07-08 14:22:24,142 [WARNING] apcs.main: Sensor read failed (attempt 4/5): '_ColorSpacePoint' object has no attribute 'X'
2026-07-08 14:22:24,248 [WARNING] apcs.main: Sensor read failed (attempt 5/5): '_ColorSpacePoint' object has no attribute 'X'
2026-07-08 14:22:24,351 [ERROR] apcs.main: Sensor unresponsive after 5 attempts.
2026-07-08 14:22:24,371 [WARNING] apcs.main: Sensor read failed (attempt 1/5): '_ColorSpacePoint' object has no attribute 'X'
2026-07-08 14:22:24,481 [WARNING] apcs.main: Sensor read failed (attempt 2/5): '_ColorSpacePoint' object has no attribute 'X'
2026-07-08 14:22:24,592 [WARNING] apcs.main: Sensor read failed (attempt 3/5): '_ColorSpacePoint' object has no attribute 'X'
2026-07-08 14:22:24,701 [WARNING] apcs.main: Sensor read failed (attempt 4/5): '_ColorSpacePoint' object has no attribute 'X'
2026-07-08 14:22:24,809 [WARNING] apcs.main: Sensor read failed (attempt 5/5): '_ColorSpacePoint' object has no attribute 'X'
2026-07-08 14:22:24,912 [ERROR] apcs.main: Sensor unresponsive after 5 attempts.
2026-07-08 14:22:24,929 [WARNING] apcs.main: Sensor read failed (attempt 1/5): '_ColorSpacePoint' object has no attribute 'X'
2026-07-08 14:22:25,041 [WARNING] apcs.main: Sensor read failed (attempt 2/5): '_ColorSpacePoint' object has no attribute 'X'
2026-07-08 14:22:25,153 [WARNING] apcs.main: Sensor read failed (attempt 3/5): '_ColorSpacePoint' object has no attribute 'X'
2026-07-08 14:22:25,261 [WARNING] apcs.main: Sensor read failed (attempt 4/5): '_ColorSpacePoint' object has no attribute 'X'
2026-07-08 14:22:25,375 [WARNING] apcs.main: Sensor read failed (attempt 5/5): '_ColorSpacePoint' object has no attribute 'X'
2026-07-08 14:22:25,477 [ERROR] apcs.main: Sensor unresponsive after 5 attempts.
2026-07-08 14:22:25,499 [WARNING] apcs.main: Sensor read failed (attempt 1/5): '_ColorSpacePoint' object has no attribute 'X'
2026-07-08 14:22:25,611 [WARNING] apcs.main: Sensor read failed (attempt 2/5): '_ColorSpacePoint' object has no attribute 'X'
2026-07-08 14:22:25,721 [WARNING] apcs.main: Sensor read failed (attempt 3/5): '_ColorSpacePoint' object has no attribute 'X'
2026-07-08 14:22:25,832 [WARNING] apcs.main: Sensor read failed (attempt 4/5): '_ColorSpacePoint' object has no attribute 'X'
2026-07-08 14:22:25,944 [WARNING] apcs.main: Sensor read failed (attempt 5/5): '_ColorSpacePoint' object has no attribute 'X'
2026-07-08 14:22:26,045 [ERROR] apcs.main: Sensor unresponsive after 5 attempts.
2026-07-08 14:22:26,070 [WARNING] apcs.main: Sensor read failed (attempt 1/5): '_ColorSpacePoint' object has no attribute 'X'
2026-07-08 14:22:26,182 [WARNING] apcs.main: Sensor read failed (attempt 2/5): '_ColorSpacePoint' object has no attribute 'X'
2026-07-08 14:22:26,294 [WARNING] apcs.main: Sensor read failed (attempt 3/5): '_ColorSpacePoint' object has no attribute 'X'
2026-07-08 14:22:26,402 [WARNING] apcs.main: Sensor read failed (attempt 4/5): '_ColorSpacePoint' object has no attribute 'X'
2026-07-08 14:22:26,512 [WARNING] apcs.main: Sensor read failed (attempt 5/5): '_ColorSpacePoint' object has no attribute 'X'
2026-07-08 14:22:26,615 [ERROR] apcs.main: Sensor unresponsive after 5 attempts.
2026-07-08 14:22:26,642 [WARNING] apcs.main: Sensor read failed (attempt 1/5): '_ColorSpacePoint' object has no attribute 'X'
2026-07-08 14:22:26,754 [WARNING] apcs.main: Sensor read failed (attempt 2/5): '_ColorSpacePoint' object has no attribute 'X'
2026-07-08 14:22:26,860 [WARNING] apcs.main: Sensor read failed (attempt 3/5): '_ColorSpacePoint' object has no attribute 'X'
2026-07-08 14:22:26,971 [WARNING] apcs.main: Sensor read failed (attempt 4/5): '_ColorSpacePoint' object has no attribute 'X'
2026-07-08 14:22:27,078 [WARNING] apcs.main: Sensor read failed (attempt 5/5): '_ColorSpacePoint' object has no attribute 'X'
2026-07-08 14:22:27,180 [ERROR] apcs.main: Sensor unresponsive after 5 attempts.
2026-07-08 14:22:27,189 [WARNING] apcs.main: Sensor read failed (attempt 1/5): '_ColorSpacePoint' object has no attribute 'X'
2026-07-08 14:22:27,298 [WARNING] apcs.main: Sensor read failed (attempt 2/5): '_ColorSpacePoint' object has no attribute 'X'
2026-07-08 14:22:27,404 [WARNING] apcs.main: Sensor read failed (attempt 3/5): '_ColorSpacePoint' object has no attribute 'X'
2026-07-08 14:22:27,516 [WARNING] apcs.main: Sensor read failed (attempt 4/5): '_ColorSpacePoint' object has no attribute 'X'
2026-07-08 14:22:27,628 [WARNING] apcs.main: Sensor read failed (attempt 5/5): '_ColorSpacePoint' object has no attribute 'X'
2026-07-08 14:22:27,731 [ERROR] apcs.main: Sensor unresponsive after 5 attempts.
2026-07-08 14:22:27,742 [WARNING] apcs.main: Sensor read failed (attempt 1/5): '_ColorSpacePoint' object has no attribute 'X'
2026-07-08 14:22:27,849 [WARNING] apcs.main: Sensor read failed (attempt 2/5): '_ColorSpacePoint' object has no attribute 'X'
2026-07-08 14:22:27,961 [WARNING] apcs.main: Sensor read failed (attempt 3/5): '_ColorSpacePoint' object has no attribute 'X'
2026-07-08 14:22:28,075 [WARNING] apcs.main: Sensor read failed (attempt 4/5): '_ColorSpacePoint' object has no attribute 'X'
2026-07-08 14:22:28,183 [WARNING] apcs.main: Sensor read failed (attempt 5/5): '_ColorSpacePoint' object has no attribute 'X'
2026-07-08 14:22:28,286 [ERROR] apcs.main: Sensor unresponsive after 5 attempts.
2026-07-08 14:22:28,308 [WARNING] apcs.main: Sensor read failed (attempt 1/5): '_ColorSpacePoint' object has no attribute 'X'
2026-07-08 14:22:28,416 [WARNING] apcs.main: Sensor read failed (attempt 2/5): '_ColorSpacePoint' object has no attribute 'X'
2026-07-08 14:22:28,528 [WARNING] apcs.main: Sensor read failed (attempt 3/5): '_ColorSpacePoint' object has no attribute 'X'
2026-07-08 14:22:28,646 [WARNING] apcs.main: Sensor read failed (attempt 4/5): '_ColorSpacePoint' object has no attribute 'X'
2026-07-08 14:22:28,757 [WARNING] apcs.main: Sensor read failed (attempt 5/5): '_ColorSpacePoint' object has no attribute 'X'
2026-07-08 14:22:28,860 [ERROR] apcs.main: Sensor unresponsive after 5 attempts.
2026-07-08 14:22:28,879 [WARNING] apcs.main: Sensor read failed (attempt 1/5): '_ColorSpacePoint' object has no attribute 'X'
2026-07-08 14:22:28,992 [WARNING] apcs.main: Sensor read failed (attempt 2/5): '_ColorSpacePoint' object has no attribute 'X'
2026-07-08 14:22:29,113 [WARNING] apcs.main: Sensor read failed (attempt 3/5): '_ColorSpacePoint' object has no attribute 'X'
2026-07-08 14:22:29,225 [WARNING] apcs.main: Sensor read failed (attempt 4/5): '_ColorSpacePoint' object has no attribute 'X'
2026-07-08 14:22:29,346 [WARNING] apcs.main: Sensor read failed (attempt 5/5): '_ColorSpacePoint' object has no attribute 'X'
2026-07-08 14:22:29,449 [ERROR] apcs.main: Sensor unresponsive after 5 attempts.
2026-07-08 14:22:29,477 [WARNING] apcs.main: Sensor read failed (attempt 1/5): '_ColorSpacePoint' object has no attribute 'X'
2026-07-08 14:22:29,583 [WARNING] apcs.main: Sensor read failed (attempt 2/5): '_ColorSpacePoint' object has no attribute 'X'
2026-07-08 14:22:29,688 [WARNING] apcs.main: Sensor read failed (attempt 3/5): '_ColorSpacePoint' object has no attribute 'X'
2026-07-08 14:22:29,795 [WARNING] apcs.main: Sensor read failed (attempt 4/5): '_ColorSpacePoint' object has no attribute 'X'
2026-07-08 14:22:29,909 [WARNING] apcs.main: Sensor read failed (attempt 5/5): '_ColorSpacePoint' object has no attribute 'X'
2026-07-08 14:22:30,012 [ERROR] apcs.main: Sensor unresponsive after 5 attempts.
2026-07-08 14:22:30,039 [WARNING] apcs.main: Sensor read failed (attempt 1/5): '_ColorSpacePoint' object has no attribute 'X'
2026-07-08 14:22:30,148 [WARNING] apcs.main: Sensor read failed (attempt 2/5): '_ColorSpacePoint' object has no attribute 'X'
2026-07-08 14:22:30,261 [WARNING] apcs.main: Sensor read failed (attempt 3/5): '_ColorSpacePoint' object has no attribute 'X'
2026-07-08 14:22:30,375 [WARNING] apcs.main: Sensor read failed (attempt 4/5): '_ColorSpacePoint' object has no attribute 'X'
2026-07-08 14:22:30,481 [WARNING] apcs.main: Sensor read failed (attempt 5/5): '_ColorSpacePoint' object has no attribute 'X'
2026-07-08 14:22:30,584 [ERROR] apcs.main: Sensor unresponsive after 5 attempts.
2026-07-08 14:22:30,611 [WARNING] apcs.main: Sensor read failed (attempt 1/5): '_ColorSpacePoint' object has no attribute 'X'
2026-07-08 14:22:30,722 [WARNING] apcs.main: Sensor read failed (attempt 2/5): '_ColorSpacePoint' object has no attribute 'X'
2026-07-08 14:22:30,829 [WARNING] apcs.main: Sensor read failed (attempt 3/5): '_ColorSpacePoint' object has no attribute 'X'
2026-07-08 14:22:30,945 [WARNING] apcs.main: Sensor read failed (attempt 4/5): '_ColorSpacePoint' object has no attribute 'X'
2026-07-08 14:22:31,051 [WARNING] apcs.main: Sensor read failed (attempt 5/5): '_ColorSpacePoint' object has no attribute 'X'
2026-07-08 14:22:31,153 [ERROR] apcs.main: Sensor unresponsive after 5 attempts.
2026-07-08 14:22:31,160 [WARNING] apcs.main: Sensor read failed (attempt 1/5): '_ColorSpacePoint' object has no attribute 'X'
2026-07-08 14:22:31,274 [WARNING] apcs.main: Sensor read failed (attempt 2/5): '_ColorSpacePoint' object has no attribute 'X'
2026-07-08 14:22:31,385 [WARNING] apcs.main: Sensor read failed (attempt 3/5): '_ColorSpacePoint' object has no attribute 'X'
2026-07-08 14:22:31,492 [WARNING] apcs.main: Sensor read failed (attempt 4/5): '_ColorSpacePoint' object has no attribute 'X'
2026-07-08 14:22:31,602 [WARNING] apcs.main: Sensor read failed (attempt 5/5): '_ColorSpacePoint' object has no attribute 'X'
2026-07-08 14:22:31,704 [ERROR] apcs.main: Sensor unresponsive after 5 attempts.
2026-07-08 14:22:31,729 [WARNING] apcs.main: Sensor read failed (attempt 1/5): '_ColorSpacePoint' object has no attribute 'X'
2026-07-08 14:22:31,846 [WARNING] apcs.main: Sensor read failed (attempt 2/5): '_ColorSpacePoint' object has no attribute 'X'
2026-07-08 14:22:31,958 [WARNING] apcs.main: Sensor read failed (attempt 3/5): '_ColorSpacePoint' object has no attribute 'X'
2026-07-08 14:22:32,075 [WARNING] apcs.main: Sensor read failed (attempt 4/5): '_ColorSpacePoint' object has no attribute 'X'
2026-07-08 14:22:32,181 [WARNING] apcs.main: Sensor read failed (attempt 5/5): '_ColorSpacePoint' object has no attribute 'X'
2026-07-08 14:22:32,283 [ERROR] apcs.main: Sensor unresponsive after 5 attempts.
2026-07-08 14:22:32,308 [WARNING] apcs.main: Sensor read failed (attempt 1/5): '_ColorSpacePoint' object has no attribute 'X'
2026-07-08 14:22:32,414 [WARNING] apcs.main: Sensor read failed (attempt 2/5): '_ColorSpacePoint' object has no attribute 'X'
2026-07-08 14:22:32,525 [WARNING] apcs.main: Sensor read failed (attempt 3/5): '_ColorSpacePoint' object has no attribute 'X'
2026-07-08 14:22:32,640 [WARNING] apcs.main: Sensor read failed (attempt 4/5): '_ColorSpacePoint' object has no attribute 'X'
2026-07-08 14:22:32,745 [WARNING] apcs.main: Sensor read failed (attempt 5/5): '_ColorSpacePoint' object has no attribute 'X'
2026-07-08 14:22:32,848 [ERROR] apcs.main: Sensor unresponsive after 5 attempts.
2026-07-08 14:22:32,875 [WARNING] apcs.main: Sensor read failed (attempt 1/5): '_ColorSpacePoint' object has no attribute 'X'
2026-07-08 14:22:32,981 [WARNING] apcs.main: Sensor read failed (attempt 2/5): '_ColorSpacePoint' object has no attribute 'X'
2026-07-08 14:22:33,092 [WARNING] apcs.main: Sensor read failed (attempt 3/5): '_ColorSpacePoint' object has no attribute 'X'
2026-07-08 14:22:33,199 [WARNING] apcs.main: Sensor read failed (attempt 4/5): '_ColorSpacePoint' object has no attribute 'X'
2026-07-08 14:22:33,309 [WARNING] apcs.main: Sensor read failed (attempt 5/5): '_ColorSpacePoint' object has no attribute 'X'
2026-07-08 14:22:33,412 [ERROR] apcs.main: Sensor unresponsive after 5 attempts.
2026-07-08 14:22:33,423 [WARNING] apcs.main: Sensor read failed (attempt 1/5): '_ColorSpacePoint' object has no attribute 'X'
2026-07-08 14:22:33,530 [WARNING] apcs.main: Sensor read failed (attempt 2/5): '_ColorSpacePoint' object has no attribute 'X'
2026-07-08 14:22:33,642 [WARNING] apcs.main: Sensor read failed (attempt 3/5): '_ColorSpacePoint' object has no attribute 'X'
2026-07-08 14:22:33,753 [WARNING] apcs.main: Sensor read failed (attempt 4/5): '_ColorSpacePoint' object has no attribute 'X'
2026-07-08 14:22:33,863 [WARNING] apcs.main: Sensor read failed (attempt 5/5): '_ColorSpacePoint' object has no attribute 'X'
2026-07-08 14:22:33,966 [ERROR] apcs.main: Sensor unresponsive after 5 attempts.
2026-07-08 14:22:33,988 [WARNING] apcs.main: Sensor read failed (attempt 1/5): '_ColorSpacePoint' object has no attribute 'X'
2026-07-08 14:22:34,098 [WARNING] apcs.main: Sensor read failed (attempt 2/5): '_ColorSpacePoint' object has no attribute 'X'
2026-07-08 14:22:34,205 [WARNING] apcs.main: Sensor read failed (attempt 3/5): '_ColorSpacePoint' object has no attribute 'X'
2026-07-08 14:22:34,312 [WARNING] apcs.main: Sensor read failed (attempt 4/5): '_ColorSpacePoint' object has no attribute 'X'
2026-07-08 14:22:34,423 [WARNING] apcs.main: Sensor read failed (attempt 5/5): '_ColorSpacePoint' object has no attribute 'X'
2026-07-08 14:22:34,525 [ERROR] apcs.main: Sensor unresponsive after 5 attempts.
2026-07-08 14:22:34,534 [WARNING] apcs.main: Sensor read failed (attempt 1/5): '_ColorSpacePoint' object has no attribute 'X'
2026-07-08 14:22:34,641 [WARNING] apcs.main: Sensor read failed (attempt 2/5): '_ColorSpacePoint' object has no attribute 'X'
2026-07-08 14:22:34,750 [WARNING] apcs.main: Sensor read failed (attempt 3/5): '_ColorSpacePoint' object has no attribute 'X'
2026-07-08 14:22:34,862 [WARNING] apcs.main: Sensor read failed (attempt 4/5): '_ColorSpacePoint' object has no attribute 'X'
2026-07-08 14:22:34,972 [WARNING] apcs.main: Sensor read failed (attempt 5/5): '_ColorSpacePoint' object has no attribute 'X'
2026-07-08 14:22:35,075 [ERROR] apcs.main: Sensor unresponsive after 5 attempts.
2026-07-08 14:22:35,088 [WARNING] apcs.main: Sensor read failed (attempt 1/5): '_ColorSpacePoint' object has no attribute 'X'
2026-07-08 14:22:35,198 [WARNING] apcs.main: Sensor read failed (attempt 2/5): '_ColorSpacePoint' object has no attribute 'X'
2026-07-08 14:22:35,310 [WARNING] apcs.main: Sensor read failed (attempt 3/5): '_ColorSpacePoint' object has no attribute 'X'
2026-07-08 14:22:35,421 [WARNING] apcs.main: Sensor read failed (attempt 4/5): '_ColorSpacePoint' object has no attribute 'X'
2026-07-08 14:22:35,531 [WARNING] apcs.main: Sensor read failed (attempt 5/5): '_ColorSpacePoint' object has no attribute 'X'
2026-07-08 14:22:35,634 [ERROR] apcs.main: Sensor unresponsive after 5 attempts.
2026-07-08 14:22:35,652 [WARNING] apcs.main: Sensor read failed (attempt 1/5): '_ColorSpacePoint' object has no attribute 'X'
2026-07-08 14:22:35,758 [WARNING] apcs.main: Sensor read failed (attempt 2/5): '_ColorSpacePoint' object has no attribute 'X'
2026-07-08 14:22:35,866 [WARNING] apcs.main: Sensor read failed (attempt 3/5): '_ColorSpacePoint' object has no attribute 'X'
2026-07-08 14:22:35,975 [WARNING] apcs.main: Sensor read failed (attempt 4/5): '_ColorSpacePoint' object has no attribute 'X'
2026-07-08 14:22:36,081 [WARNING] apcs.main: Sensor read failed (attempt 5/5): '_ColorSpacePoint' object has no attribute 'X'
2026-07-08 14:22:36,184 [ERROR] apcs.main: Sensor unresponsive after 5 attempts.
2026-07-08 14:22:36,205 [WARNING] apcs.main: Sensor read failed (attempt 1/5): '_ColorSpacePoint' object has no attribute 'X'
2026-07-08 14:22:36,316 [WARNING] apcs.main: Sensor read failed (attempt 2/5): '_ColorSpacePoint' object has no attribute 'X'
2026-07-08 14:22:36,425 [WARNING] apcs.main: Sensor read failed (attempt 3/5): '_ColorSpacePoint' object has no attribute 'X'
2026-07-08 14:22:36,534 [WARNING] apcs.main: Sensor read failed (attempt 4/5): '_ColorSpacePoint' object has no attribute 'X'
2026-07-08 14:22:36,646 [WARNING] apcs.main: Sensor read failed (attempt 5/5): '_ColorSpacePoint' object has no attribute 'X'
2026-07-08 14:22:36,748 [ERROR] apcs.main: Sensor unresponsive after 5 attempts.
2026-07-08 14:22:36,769 [WARNING] apcs.main: Sensor read failed (attempt 1/5): '_ColorSpacePoint' object has no attribute 'X'
2026-07-08 14:22:36,878 [WARNING] apcs.main: Sensor read failed (attempt 2/5): '_ColorSpacePoint' object has no attribute 'X'
2026-07-08 14:22:36,989 [WARNING] apcs.main: Sensor read failed (attempt 3/5): '_ColorSpacePoint' object has no attribute 'X'
2026-07-08 14:22:37,101 [WARNING] apcs.main: Sensor read failed (attempt 4/5): '_ColorSpacePoint' object has no attribute 'X'
2026-07-08 14:22:37,213 [WARNING] apcs.main: Sensor read failed (attempt 5/5): '_ColorSpacePoint' object has no attribute 'X'
2026-07-08 14:22:37,315 [ERROR] apcs.main: Sensor unresponsive after 5 attempts.
2026-07-08 14:22:37,334 [WARNING] apcs.main: Sensor read failed (attempt 1/5): '_ColorSpacePoint' object has no attribute 'X'
2026-07-08 14:22:37,447 [WARNING] apcs.main: Sensor read failed (attempt 2/5): '_ColorSpacePoint' object has no attribute 'X'
2026-07-08 14:22:37,559 [WARNING] apcs.main: Sensor read failed (attempt 3/5): '_ColorSpacePoint' object has no attribute 'X'
2026-07-08 14:22:37,671 [WARNING] apcs.main: Sensor read failed (attempt 4/5): '_ColorSpacePoint' object has no attribute 'X'
2026-07-08 14:22:37,783 [WARNING] apcs.main: Sensor read failed (attempt 5/5): '_ColorSpacePoint' object has no attribute 'X'
2026-07-08 14:22:37,885 [ERROR] apcs.main: Sensor unresponsive after 5 attempts.
2026-07-08 14:22:37,897 [WARNING] apcs.main: Sensor read failed (attempt 1/5): '_ColorSpacePoint' object has no attribute 'X'
2026-07-08 14:22:38,009 [WARNING] apcs.main: Sensor read failed (attempt 2/5): '_ColorSpacePoint' object has no attribute 'X'
2026-07-08 14:22:38,119 [WARNING] apcs.main: Sensor read failed (attempt 3/5): '_ColorSpacePoint' object has no attribute 'X'
2026-07-08 14:22:38,231 [WARNING] apcs.main: Sensor read failed (attempt 4/5): '_ColorSpacePoint' object has no attribute 'X'
2026-07-08 14:22:38,342 [WARNING] apcs.main: Sensor read failed (attempt 5/5): '_ColorSpacePoint' object has no attribute 'X'
2026-07-08 14:22:38,445 [ERROR] apcs.main: Sensor unresponsive after 5 attempts.
2026-07-08 14:22:38,464 [WARNING] apcs.main: Sensor read failed (attempt 1/5): '_ColorSpacePoint' object has no attribute 'X'
2026-07-08 14:22:38,577 [WARNING] apcs.main: Sensor read failed (attempt 2/5): '_ColorSpacePoint' object has no attribute 'X'
2026-07-08 14:22:38,689 [WARNING] apcs.main: Sensor read failed (attempt 3/5): '_ColorSpacePoint' object has no attribute 'X'
2026-07-08 14:22:38,799 [WARNING] apcs.main: Sensor read failed (attempt 4/5): '_ColorSpacePoint' object has no attribute 'X'
2026-07-08 14:22:38,908 [WARNING] apcs.main: Sensor read failed (attempt 5/5): '_ColorSpacePoint' object has no attribute 'X'
2026-07-08 14:22:39,011 [ERROR] apcs.main: Sensor unresponsive after 5 attempts.
2026-07-08 14:22:39,028 [WARNING] apcs.main: Sensor read failed (attempt 1/5): '_ColorSpacePoint' object has no attribute 'X'
2026-07-08 14:22:39,136 [WARNING] apcs.main: Sensor read failed (attempt 2/5): '_ColorSpacePoint' object has no attribute 'X'
2026-07-08 14:22:39,248 [WARNING] apcs.main: Sensor read failed (attempt 3/5): '_ColorSpacePoint' object has no attribute 'X'
2026-07-08 14:22:39,361 [WARNING] apcs.main: Sensor read failed (attempt 4/5): '_ColorSpacePoint' object has no attribute 'X'
2026-07-08 14:22:39,472 [WARNING] apcs.main: Sensor read failed (attempt 5/5): '_ColorSpacePoint' object has no attribute 'X'
2026-07-08 14:22:39,575 [ERROR] apcs.main: Sensor unresponsive after 5 attempts.
2026-07-08 14:22:39,597 [WARNING] apcs.main: Sensor read failed (attempt 1/5): '_ColorSpacePoint' object has no attribute 'X'
2026-07-08 14:22:39,710 [WARNING] apcs.main: Sensor read failed (attempt 2/5): '_ColorSpacePoint' object has no attribute 'X'
2026-07-08 14:22:39,822 [WARNING] apcs.main: Sensor read failed (attempt 3/5): '_ColorSpacePoint' object has no attribute 'X'
2026-07-08 14:22:39,932 [WARNING] apcs.main: Sensor read failed (attempt 4/5): '_ColorSpacePoint' object has no attribute 'X'
2026-07-08 14:22:40,045 [WARNING] apcs.main: Sensor read failed (attempt 5/5): '_ColorSpacePoint' object has no attribute 'X'
2026-07-08 14:22:40,148 [ERROR] apcs.main: Sensor unresponsive after 5 attempts.
2026-07-08 14:22:40,159 [WARNING] apcs.main: Sensor read failed (attempt 1/5): '_ColorSpacePoint' object has no attribute 'X'
2026-07-08 14:22:40,271 [WARNING] apcs.main: Sensor read failed (attempt 2/5): '_ColorSpacePoint' object has no attribute 'X'
2026-07-08 14:22:40,378 [WARNING] apcs.main: Sensor read failed (attempt 3/5): '_ColorSpacePoint' object has no attribute 'X'
2026-07-08 14:22:40,485 [WARNING] apcs.main: Sensor read failed (attempt 4/5): '_ColorSpacePoint' object has no attribute 'X'
2026-07-08 14:22:40,596 [WARNING] apcs.main: Sensor read failed (attempt 5/5): '_ColorSpacePoint' object has no attribute 'X'
2026-07-08 14:22:40,699 [ERROR] apcs.main: Sensor unresponsive after 5 attempts.
2026-07-08 14:22:40,708 [WARNING] apcs.main: Sensor read failed (attempt 1/5): '_ColorSpacePoint' object has no attribute 'X'
2026-07-08 14:22:40,818 [WARNING] apcs.main: Sensor read failed (attempt 2/5): '_ColorSpacePoint' object has no attribute 'X'
2026-07-08 14:22:40,929 [WARNING] apcs.main: Sensor read failed (attempt 3/5): '_ColorSpacePoint' object has no attribute 'X'
2026-07-08 14:22:41,042 [WARNING] apcs.main: Sensor read failed (attempt 4/5): '_ColorSpacePoint' object has no attribute 'X'
2026-07-08 14:22:41,153 [WARNING] apcs.main: Sensor read failed (attempt 5/5): '_ColorSpacePoint' object has no attribute 'X'
2026-07-08 14:22:41,256 [ERROR] apcs.main: Sensor unresponsive after 5 attempts.
2026-07-08 14:22:41,279 [WARNING] apcs.main: Sensor read failed (attempt 1/5): '_ColorSpacePoint' object has no attribute 'X'
2026-07-08 14:22:41,391 [WARNING] apcs.main: Sensor read failed (attempt 2/5): '_ColorSpacePoint' object has no attribute 'X'
2026-07-08 14:22:41,503 [WARNING] apcs.main: Sensor read failed (attempt 3/5): '_ColorSpacePoint' object has no attribute 'X'
2026-07-08 14:22:41,609 [WARNING] apcs.main: Sensor read failed (attempt 4/5): '_ColorSpacePoint' object has no attribute 'X'
2026-07-08 14:22:41,721 [WARNING] apcs.main: Sensor read failed (attempt 5/5): '_ColorSpacePoint' object has no attribute 'X'
2026-07-08 14:22:41,822 [ERROR] apcs.main: Sensor unresponsive after 5 attempts.
2026-07-08 14:22:41,843 [WARNING] apcs.main: Sensor read failed (attempt 1/5): '_ColorSpacePoint' object has no attribute 'X'
2026-07-08 14:22:41,954 [WARNING] apcs.main: Sensor read failed (attempt 2/5): '_ColorSpacePoint' object has no attribute 'X'
2026-07-08 14:22:42,064 [WARNING] apcs.main: Sensor read failed (attempt 3/5): '_ColorSpacePoint' object has no attribute 'X'
2026-07-08 14:22:42,176 [WARNING] apcs.main: Sensor read failed (attempt 4/5): '_ColorSpacePoint' object has no attribute 'X'
2026-07-08 14:22:42,289 [WARNING] apcs.main: Sensor read failed (attempt 5/5): '_ColorSpacePoint' object has no attribute 'X'
2026-07-08 14:22:42,391 [ERROR] apcs.main: Sensor unresponsive after 5 attempts.
2026-07-08 14:22:42,407 [WARNING] apcs.main: Sensor read failed (attempt 1/5): '_ColorSpacePoint' object has no attribute 'X'
2026-07-08 14:22:42,519 [WARNING] apcs.main: Sensor read failed (attempt 2/5): '_ColorSpacePoint' object has no attribute 'X'
2026-07-08 14:22:42,629 [WARNING] apcs.main: Sensor read failed (attempt 3/5): '_ColorSpacePoint' object has no attribute 'X'
2026-07-08 14:22:42,741 [WARNING] apcs.main: Sensor read failed (attempt 4/5): '_ColorSpacePoint' object has no attribute 'X'
2026-07-08 14:22:42,847 [WARNING] apcs.main: Sensor read failed (attempt 5/5): '_ColorSpacePoint' object has no attribute 'X'
2026-07-08 14:22:42,950 [ERROR] apcs.main: Sensor unresponsive after 5 attempts.
2026-07-08 14:22:42,967 [WARNING] apcs.main: Sensor read failed (attempt 1/5): '_ColorSpacePoint' object has no attribute 'X'
2026-07-08 14:22:43,078 [WARNING] apcs.main: Sensor read failed (attempt 2/5): '_ColorSpacePoint' object has no attribute 'X'
2026-07-08 14:22:43,186 [WARNING] apcs.main: Sensor read failed (attempt 3/5): '_ColorSpacePoint' object has no attribute 'X'
2026-07-08 14:22:43,295 [WARNING] apcs.main: Sensor read failed (attempt 4/5): '_ColorSpacePoint' object has no attribute 'X'
2026-07-08 14:22:43,406 [WARNING] apcs.main: Sensor read failed (attempt 5/5): '_ColorSpacePoint' object has no attribute 'X'
2026-07-08 14:22:43,509 [ERROR] apcs.main: Sensor unresponsive after 5 attempts.
2026-07-08 14:22:43,531 [WARNING] apcs.main: Sensor read failed (attempt 1/5): '_ColorSpacePoint' object has no attribute 'X'
2026-07-08 14:22:43,644 [WARNING] apcs.main: Sensor read failed (attempt 2/5): '_ColorSpacePoint' object has no attribute 'X'
2026-07-08 14:22:43,752 [WARNING] apcs.main: Sensor read failed (attempt 3/5): '_ColorSpacePoint' object has no attribute 'X'
2026-07-08 14:22:43,862 [WARNING] apcs.main: Sensor read failed (attempt 4/5): '_ColorSpacePoint' object has no attribute 'X'
2026-07-08 14:22:43,974 [WARNING] apcs.main: Sensor read failed (attempt 5/5): '_ColorSpacePoint' object has no attribute 'X'
2026-07-08 14:22:44,077 [ERROR] apcs.main: Sensor unresponsive after 5 attempts.
2026-07-08 14:22:44,098 [WARNING] apcs.main: Sensor read failed (attempt 1/5): '_ColorSpacePoint' object has no attribute 'X'
2026-07-08 14:22:44,208 [WARNING] apcs.main: Sensor read failed (attempt 2/5): '_ColorSpacePoint' object has no attribute 'X'
2026-07-08 14:22:44,315 [WARNING] apcs.main: Sensor read failed (attempt 3/5): '_ColorSpacePoint' object has no attribute 'X'
2026-07-08 14:22:44,424 [WARNING] apcs.main: Sensor read failed (attempt 4/5): '_ColorSpacePoint' object has no attribute 'X'
2026-07-08 14:22:44,532 [WARNING] apcs.main: Sensor read failed (attempt 5/5): '_ColorSpacePoint' object has no attribute 'X'
2026-07-08 14:22:44,634 [ERROR] apcs.main: Sensor unresponsive after 5 attempts.
2026-07-08 14:22:44,660 [WARNING] apcs.main: Sensor read failed (attempt 1/5): '_ColorSpacePoint' object has no attribute 'X'
2026-07-08 14:22:44,772 [WARNING] apcs.main: Sensor read failed (attempt 2/5): '_ColorSpacePoint' object has no attribute 'X'
2026-07-08 14:22:44,883 [WARNING] apcs.main: Sensor read failed (attempt 3/5): '_ColorSpacePoint' object has no attribute 'X'
2026-07-08 14:22:44,995 [WARNING] apcs.main: Sensor read failed (attempt 4/5): '_ColorSpacePoint' object has no attribute 'X'
2026-07-08 14:22:45,105 [WARNING] apcs.main: Sensor read failed (attempt 5/5): '_ColorSpacePoint' object has no attribute 'X'
2026-07-08 14:22:45,209 [ERROR] apcs.main: Sensor unresponsive after 5 attempts.
2026-07-08 14:22:45,225 [WARNING] apcs.main: Sensor read failed (attempt 1/5): '_ColorSpacePoint' object has no attribute 'X'
2026-07-08 14:22:45,336 [WARNING] apcs.main: Sensor read failed (attempt 2/5): '_ColorSpacePoint' object has no attribute 'X'
2026-07-08 14:22:45,445 [WARNING] apcs.main: Sensor read failed (attempt 3/5): '_ColorSpacePoint' object has no attribute 'X'
2026-07-08 14:22:45,557 [WARNING] apcs.main: Sensor read failed (attempt 4/5): '_ColorSpacePoint' object has no attribute 'X'
2026-07-08 14:22:45,664 [WARNING] apcs.main: Sensor read failed (attempt 5/5): '_ColorSpacePoint' object has no attribute 'X'
2026-07-08 14:22:45,767 [ERROR] apcs.main: Sensor unresponsive after 5 attempts.
2026-07-08 14:22:45,788 [WARNING] apcs.main: Sensor read failed (attempt 1/5): '_ColorSpacePoint' object has no attribute 'X'
2026-07-08 14:22:45,900 [WARNING] apcs.main: Sensor read failed (attempt 2/5): '_ColorSpacePoint' object has no attribute 'X'
2026-07-08 14:22:46,012 [WARNING] apcs.main: Sensor read failed (attempt 3/5): '_ColorSpacePoint' object has no attribute 'X'
2026-07-08 14:22:46,124 [WARNING] apcs.main: Sensor read failed (attempt 4/5): '_ColorSpacePoint' object has no attribute 'X'
2026-07-08 14:22:46,236 [WARNING] apcs.main: Sensor read failed (attempt 5/5): '_ColorSpacePoint' object has no attribute 'X'
2026-07-08 14:22:46,337 [ERROR] apcs.main: Sensor unresponsive after 5 attempts.
2026-07-08 14:22:46,356 [WARNING] apcs.main: Sensor read failed (attempt 1/5): '_ColorSpacePoint' object has no attribute 'X'
2026-07-08 14:22:46,463 [WARNING] apcs.main: Sensor read failed (attempt 2/5): '_ColorSpacePoint' object has no attribute 'X'
2026-07-08 14:22:46,575 [WARNING] apcs.main: Sensor read failed (attempt 3/5): '_ColorSpacePoint' object has no attribute 'X'
2026-07-08 14:22:46,687 [WARNING] apcs.main: Sensor read failed (attempt 4/5): '_ColorSpacePoint' object has no attribute 'X'
2026-07-08 14:22:46,797 [WARNING] apcs.main: Sensor read failed (attempt 5/5): '_ColorSpacePoint' object has no attribute 'X'
2026-07-08 14:22:46,900 [ERROR] apcs.main: Sensor unresponsive after 5 attempts.
2026-07-08 14:22:46,919 [WARNING] apcs.main: Sensor read failed (attempt 1/5): '_ColorSpacePoint' object has no attribute 'X'
2026-07-08 14:22:47,030 [WARNING] apcs.main: Sensor read failed (attempt 2/5): '_ColorSpacePoint' object has no attribute 'X'
2026-07-08 14:22:47,143 [WARNING] apcs.main: Sensor read failed (attempt 3/5): '_ColorSpacePoint' object has no attribute 'X'
2026-07-08 14:22:47,255 [WARNING] apcs.main: Sensor read failed (attempt 4/5): '_ColorSpacePoint' object has no attribute 'X'
2026-07-08 14:22:47,367 [WARNING] apcs.main: Sensor read failed (attempt 5/5): '_ColorSpacePoint' object has no attribute 'X'
2026-07-08 14:22:47,469 [ERROR] apcs.main: Sensor unresponsive after 5 attempts.
2026-07-08 14:22:47,484 [WARNING] apcs.main: Sensor read failed (attempt 1/5): '_ColorSpacePoint' object has no attribute 'X'
2026-07-08 14:22:47,595 [WARNING] apcs.main: Sensor read failed (attempt 2/5): '_ColorSpacePoint' object has no attribute 'X'
2026-07-08 14:22:47,702 [WARNING] apcs.main: Sensor read failed (attempt 3/5): '_ColorSpacePoint' object has no attribute 'X'
2026-07-08 14:22:47,807 [WARNING] apcs.main: Sensor read failed (attempt 4/5): '_ColorSpacePoint' object has no attribute 'X'
2026-07-08 14:22:47,915 [WARNING] apcs.main: Sensor read failed (attempt 5/5): '_ColorSpacePoint' object has no attribute 'X'
2026-07-08 14:22:48,017 [ERROR] apcs.main: Sensor unresponsive after 5 attempts.
2026-07-08 14:22:48,029 [WARNING] apcs.main: Sensor read failed (attempt 1/5): '_ColorSpacePoint' object has no attribute 'X'
2026-07-08 14:22:48,141 [WARNING] apcs.main: Sensor read failed (attempt 2/5): '_ColorSpacePoint' object has no attribute 'X'
2026-07-08 14:22:48,250 [WARNING] apcs.main: Sensor read failed (attempt 3/5): '_ColorSpacePoint' object has no attribute 'X'
2026-07-08 14:22:48,362 [WARNING] apcs.main: Sensor read failed (attempt 4/5): '_ColorSpacePoint' object has no attribute 'X'
2026-07-08 14:22:48,474 [WARNING] apcs.main: Sensor read failed (attempt 5/5): '_ColorSpacePoint' object has no attribute 'X'
2026-07-08 14:22:48,577 [ERROR] apcs.main: Sensor unresponsive after 5 attempts.
2026-07-08 14:22:48,598 [WARNING] apcs.main: Sensor read failed (attempt 1/5): '_ColorSpacePoint' object has no attribute 'X'
2026-07-08 14:22:48,710 [WARNING] apcs.main: Sensor read failed (attempt 2/5): '_ColorSpacePoint' object has no attribute 'X'
2026-07-08 14:22:48,817 [WARNING] apcs.main: Sensor read failed (attempt 3/5): '_ColorSpacePoint' object has no attribute 'X'
2026-07-08 14:22:48,929 [WARNING] apcs.main: Sensor read failed (attempt 4/5): '_ColorSpacePoint' object has no attribute 'X'
2026-07-08 14:22:49,038 [WARNING] apcs.main: Sensor read failed (attempt 5/5): '_ColorSpacePoint' object has no attribute 'X'
2026-07-08 14:22:49,140 [ERROR] apcs.main: Sensor unresponsive after 5 attempts.
2026-07-08 14:22:49,163 [WARNING] apcs.main: Sensor read failed (attempt 1/5): '_ColorSpacePoint' object has no attribute 'X'
2026-07-08 14:22:49,269 [WARNING] apcs.main: Sensor read failed (attempt 2/5): '_ColorSpacePoint' object has no attribute 'X'
2026-07-08 14:22:49,375 [WARNING] apcs.main: Sensor read failed (attempt 3/5): '_ColorSpacePoint' object has no attribute 'X'
2026-07-08 14:22:49,481 [WARNING] apcs.main: Sensor read failed (attempt 4/5): '_ColorSpacePoint' object has no attribute 'X'
2026-07-08 14:22:49,590 [WARNING] apcs.main: Sensor read failed (attempt 5/5): '_ColorSpacePoint' object has no attribute 'X'
2026-07-08 14:22:49,693 [ERROR] apcs.main: Sensor unresponsive after 5 attempts.
2026-07-08 14:22:49,705 [WARNING] apcs.main: Sensor read failed (attempt 1/5): '_ColorSpacePoint' object has no attribute 'X'
2026-07-08 14:22:49,816 [WARNING] apcs.main: Sensor read failed (attempt 2/5): '_ColorSpacePoint' object has no attribute 'X'
2026-07-08 14:22:49,923 [WARNING] apcs.main: Sensor read failed (attempt 3/5): '_ColorSpacePoint' object has no attribute 'X'
2026-07-08 14:22:50,034 [WARNING] apcs.main: Sensor read failed (attempt 4/5): '_ColorSpacePoint' object has no attribute 'X'
2026-07-08 14:22:50,144 [WARNING] apcs.main: Sensor read failed (attempt 5/5): '_ColorSpacePoint' object has no attribute 'X'
2026-07-08 14:22:50,247 [ERROR] apcs.main: Sensor unresponsive after 5 attempts.
2026-07-08 14:22:50,258 [WARNING] apcs.main: Sensor read failed (attempt 1/5): '_ColorSpacePoint' object has no attribute 'X'
2026-07-08 14:22:50,370 [WARNING] apcs.main: Sensor read failed (attempt 2/5): '_ColorSpacePoint' object has no attribute 'X'
2026-07-08 14:22:50,478 [WARNING] apcs.main: Sensor read failed (attempt 3/5): '_ColorSpacePoint' object has no attribute 'X'
2026-07-08 14:22:50,591 [WARNING] apcs.main: Sensor read failed (attempt 4/5): '_ColorSpacePoint' object has no attribute 'X'
2026-07-08 14:22:50,700 [WARNING] apcs.main: Sensor read failed (attempt 5/5): '_ColorSpacePoint' object has no attribute 'X'
2026-07-08 14:22:50,802 [ERROR] apcs.main: Sensor unresponsive after 5 attempts.
2026-07-08 14:22:50,816 [WARNING] apcs.main: Sensor read failed (attempt 1/5): '_ColorSpacePoint' object has no attribute 'X'
2026-07-08 14:22:50,928 [WARNING] apcs.main: Sensor read failed (attempt 2/5): '_ColorSpacePoint' object has no attribute 'X'
2026-07-08 14:22:51,039 [WARNING] apcs.main: Sensor read failed (attempt 3/5): '_ColorSpacePoint' object has no attribute 'X'
2026-07-08 14:22:51,150 [WARNING] apcs.main: Sensor read failed (attempt 4/5): '_ColorSpacePoint' object has no attribute 'X'
2026-07-08 14:22:51,262 [WARNING] apcs.main: Sensor read failed (attempt 5/5): '_ColorSpacePoint' object has no attribute 'X'
2026-07-08 14:22:51,365 [ERROR] apcs.main: Sensor unresponsive after 5 attempts.
2026-07-08 14:22:51,389 [WARNING] apcs.main: Sensor read failed (attempt 1/5): '_ColorSpacePoint' object has no attribute 'X'
2026-07-08 14:22:51,501 [WARNING] apcs.main: Sensor read failed (attempt 2/5): '_ColorSpacePoint' object has no attribute 'X'
2026-07-08 14:22:51,613 [WARNING] apcs.main: Sensor read failed (attempt 3/5): '_ColorSpacePoint' object has no attribute 'X'
2026-07-08 14:22:51,724 [WARNING] apcs.main: Sensor read failed (attempt 4/5): '_ColorSpacePoint' object has no attribute 'X'
2026-07-08 14:22:51,835 [WARNING] apcs.main: Sensor read failed (attempt 5/5): '_ColorSpacePoint' object has no attribute 'X'
2026-07-08 14:22:51,938 [ERROR] apcs.main: Sensor unresponsive after 5 attempts.
2026-07-08 14:22:51,959 [WARNING] apcs.main: Sensor read failed (attempt 1/5): '_ColorSpacePoint' object has no attribute 'X'
2026-07-08 14:22:52,071 [WARNING] apcs.main: Sensor read failed (attempt 2/5): '_ColorSpacePoint' object has no attribute 'X'
2026-07-08 14:22:52,183 [WARNING] apcs.main: Sensor read failed (attempt 3/5): '_ColorSpacePoint' object has no attribute 'X'
2026-07-08 14:22:52,294 [WARNING] apcs.main: Sensor read failed (attempt 4/5): '_ColorSpacePoint' object has no attribute 'X'
2026-07-08 14:22:52,407 [WARNING] apcs.main: Sensor read failed (attempt 5/5): '_ColorSpacePoint' object has no attribute 'X'
2026-07-08 14:22:52,510 [ERROR] apcs.main: Sensor unresponsive after 5 attempts.
2026-07-08 14:22:52,528 [WARNING] apcs.main: Sensor read failed (attempt 1/5): '_ColorSpacePoint' object has no attribute 'X'
2026-07-08 14:22:52,639 [WARNING] apcs.main: Sensor read failed (attempt 2/5): '_ColorSpacePoint' object has no attribute 'X'
2026-07-08 14:22:52,751 [WARNING] apcs.main: Sensor read failed (attempt 3/5): '_ColorSpacePoint' object has no attribute 'X'
2026-07-08 14:22:52,863 [WARNING] apcs.main: Sensor read failed (attempt 4/5): '_ColorSpacePoint' object has no attribute 'X'
2026-07-08 14:22:52,976 [WARNING] apcs.main: Sensor read failed (attempt 5/5): '_ColorSpacePoint' object has no attribute 'X'
2026-07-08 14:22:53,078 [ERROR] apcs.main: Sensor unresponsive after 5 attempts.
2026-07-08 14:22:53,099 [WARNING] apcs.main: Sensor read failed (attempt 1/5): '_ColorSpacePoint' object has no attribute 'X'
2026-07-08 14:22:53,211 [WARNING] apcs.main: Sensor read failed (attempt 2/5): '_ColorSpacePoint' object has no attribute 'X'
2026-07-08 14:22:53,323 [WARNING] apcs.main: Sensor read failed (attempt 3/5): '_ColorSpacePoint' object has no attribute 'X'
2026-07-08 14:22:53,433 [WARNING] apcs.main: Sensor read failed (attempt 4/5): '_ColorSpacePoint' object has no attribute 'X'
2026-07-08 14:22:53,545 [WARNING] apcs.main: Sensor read failed (attempt 5/5): '_ColorSpacePoint' object has no attribute 'X'
2026-07-08 14:22:53,648 [ERROR] apcs.main: Sensor unresponsive after 5 attempts.
2026-07-08 14:22:53,671 [WARNING] apcs.main: Sensor read failed (attempt 1/5): '_ColorSpacePoint' object has no attribute 'X'
2026-07-08 14:22:53,782 [WARNING] apcs.main: Sensor read failed (attempt 2/5): '_ColorSpacePoint' object has no attribute 'X'
2026-07-08 14:22:53,893 [WARNING] apcs.main: Sensor read failed (attempt 3/5): '_ColorSpacePoint' object has no attribute 'X'
2026-07-08 14:22:54,005 [WARNING] apcs.main: Sensor read failed (attempt 4/5): '_ColorSpacePoint' object has no attribute 'X'
2026-07-08 14:22:54,117 [WARNING] apcs.main: Sensor read failed (attempt 5/5): '_ColorSpacePoint' object has no attribute 'X'
2026-07-08 14:22:54,220 [ERROR] apcs.main: Sensor unresponsive after 5 attempts.
2026-07-08 14:22:54,241 [WARNING] apcs.main: Sensor read failed (attempt 1/5): '_ColorSpacePoint' object has no attribute 'X'
2026-07-08 14:22:54,348 [WARNING] apcs.main: Sensor read failed (attempt 2/5): '_ColorSpacePoint' object has no attribute 'X'
2026-07-08 14:22:54,462 [WARNING] apcs.main: Sensor read failed (attempt 3/5): '_ColorSpacePoint' object has no attribute 'X'
2026-07-08 14:22:54,574 [WARNING] apcs.main: Sensor read failed (attempt 4/5): '_ColorSpacePoint' object has no attribute 'X'
2026-07-08 14:22:54,685 [WARNING] apcs.main: Sensor read failed (attempt 5/5): '_ColorSpacePoint' object has no attribute 'X'
2026-07-08 14:22:54,788 [ERROR] apcs.main: Sensor unresponsive after 5 attempts.
2026-07-08 14:22:54,800 [WARNING] apcs.main: Sensor read failed (attempt 1/5): '_ColorSpacePoint' object has no attribute 'X'
2026-07-08 14:22:54,907 [WARNING] apcs.main: Sensor read failed (attempt 2/5): '_ColorSpacePoint' object has no attribute 'X'
2026-07-08 14:22:55,018 [WARNING] apcs.main: Sensor read failed (attempt 3/5): '_ColorSpacePoint' object has no attribute 'X'
2026-07-08 14:22:55,138 [WARNING] apcs.main: Sensor read failed (attempt 4/5): '_ColorSpacePoint' object has no attribute 'X'
2026-07-08 14:22:55,249 [WARNING] apcs.main: Sensor read failed (attempt 5/5): '_ColorSpacePoint' object has no attribute 'X'
2026-07-08 14:22:55,351 [ERROR] apcs.main: Sensor unresponsive after 5 attempts.
2026-07-08 14:22:55,380 [WARNING] apcs.main: Sensor read failed (attempt 1/5): '_ColorSpacePoint' object has no attribute 'X'
2026-07-08 14:22:55,500 [WARNING] apcs.main: Sensor read failed (attempt 2/5): '_ColorSpacePoint' object has no attribute 'X'
2026-07-08 14:22:55,612 [WARNING] apcs.main: Sensor read failed (attempt 3/5): '_ColorSpacePoint' object has no attribute 'X'
2026-07-08 14:22:55,736 [WARNING] apcs.main: Sensor read failed (attempt 4/5): '_ColorSpacePoint' object has no attribute 'X'
2026-07-08 14:22:55,845 [WARNING] apcs.main: Sensor read failed (attempt 5/5): '_ColorSpacePoint' object has no attribute 'X'
2026-07-08 14:22:55,948 [ERROR] apcs.main: Sensor unresponsive after 5 attempts.
2026-07-08 14:22:55,968 [WARNING] apcs.main: Sensor read failed (attempt 1/5): '_ColorSpacePoint' object has no attribute 'X'
2026-07-08 14:22:56,079 [WARNING] apcs.main: Sensor read failed (attempt 2/5): '_ColorSpacePoint' object has no attribute 'X'
2026-07-08 14:22:56,199 [WARNING] apcs.main: Sensor read failed (attempt 3/5): '_ColorSpacePoint' object has no attribute 'X'
2026-07-08 14:22:56,310 [WARNING] apcs.main: Sensor read failed (attempt 4/5): '_ColorSpacePoint' object has no attribute 'X'
2026-07-08 14:22:56,421 [WARNING] apcs.main: Sensor read failed (attempt 5/5): '_ColorSpacePoint' object has no attribute 'X'
2026-07-08 14:22:56,523 [ERROR] apcs.main: Sensor unresponsive after 5 attempts.
2026-07-08 14:22:56,545 [WARNING] apcs.main: Sensor read failed (attempt 1/5): '_ColorSpacePoint' object has no attribute 'X'
2026-07-08 14:22:56,668 [WARNING] apcs.main: Sensor read failed (attempt 2/5): '_ColorSpacePoint' object has no attribute 'X'
2026-07-08 14:22:56,775 [WARNING] apcs.main: Sensor read failed (attempt 3/5): '_ColorSpacePoint' object has no attribute 'X'
2026-07-08 14:22:56,882 [WARNING] apcs.main: Sensor read failed (attempt 4/5): '_ColorSpacePoint' object has no attribute 'X'
2026-07-08 14:22:56,997 [WARNING] apcs.main: Sensor read failed (attempt 5/5): '_ColorSpacePoint' object has no attribute 'X'
2026-07-08 14:22:57,100 [ERROR] apcs.main: Sensor unresponsive after 5 attempts.
2026-07-08 14:22:57,115 [WARNING] apcs.main: Sensor read failed (attempt 1/5): '_ColorSpacePoint' object has no attribute 'X'
2026-07-08 14:22:57,234 [WARNING] apcs.main: Sensor read failed (attempt 2/5): '_ColorSpacePoint' object has no attribute 'X'
2026-07-08 14:22:57,344 [WARNING] apcs.main: Sensor read failed (attempt 3/5): '_ColorSpacePoint' object has no attribute 'X'
2026-07-08 14:22:57,451 [WARNING] apcs.main: Sensor read failed (attempt 4/5): '_ColorSpacePoint' object has no attribute 'X'
2026-07-08 14:22:57,567 [WARNING] apcs.main: Sensor read failed (attempt 5/5): '_ColorSpacePoint' object has no attribute 'X'
2026-07-08 14:22:57,670 [ERROR] apcs.main: Sensor unresponsive after 5 attempts.
2026-07-08 14:22:57,679 [WARNING] apcs.main: Sensor read failed (attempt 1/5): '_ColorSpacePoint' object has no attribute 'X'
2026-07-08 14:22:57,803 [WARNING] apcs.main: Sensor read failed (attempt 2/5): '_ColorSpacePoint' object has no attribute 'X'
2026-07-08 14:22:57,911 [WARNING] apcs.main: Sensor read failed (attempt 3/5): '_ColorSpacePoint' object has no attribute 'X'
2026-07-08 14:22:58,035 [WARNING] apcs.main: Sensor read failed (attempt 4/5): '_ColorSpacePoint' object has no attribute 'X'
2026-07-08 14:22:58,143 [WARNING] apcs.main: Sensor read failed (attempt 5/5): '_ColorSpacePoint' object has no attribute 'X'
2026-07-08 14:22:58,245 [ERROR] apcs.main: Sensor unresponsive after 5 attempts.
2026-07-08 14:22:58,262 [WARNING] apcs.main: Sensor read failed (attempt 1/5): '_ColorSpacePoint' object has no attribute 'X'
2026-07-08 14:22:58,374 [WARNING] apcs.main: Sensor read failed (attempt 2/5): '_ColorSpacePoint' object has no attribute 'X'
2026-07-08 14:22:58,482 [WARNING] apcs.main: Sensor read failed (attempt 3/5): '_ColorSpacePoint' object has no attribute 'X'
2026-07-08 14:22:58,599 [WARNING] apcs.main: Sensor read failed (attempt 4/5): '_ColorSpacePoint' object has no attribute 'X'
2026-07-08 14:22:58,710 [WARNING] apcs.main: Sensor read failed (attempt 5/5): '_ColorSpacePoint' object has no attribute 'X'
2026-07-08 14:22:58,812 [ERROR] apcs.main: Sensor unresponsive after 5 attempts.
2026-07-08 14:22:58,826 [WARNING] apcs.main: Sensor read failed (attempt 1/5): '_ColorSpacePoint' object has no attribute 'X'
2026-07-08 14:22:58,934 [WARNING] apcs.main: Sensor read failed (attempt 2/5): '_ColorSpacePoint' object has no attribute 'X'
2026-07-08 14:22:59,044 [WARNING] apcs.main: Sensor read failed (attempt 3/5): '_ColorSpacePoint' object has no attribute 'X'
2026-07-08 14:22:59,169 [WARNING] apcs.main: Sensor read failed (attempt 4/5): '_ColorSpacePoint' object has no attribute 'X'
2026-07-08 14:22:59,278 [WARNING] apcs.main: Sensor read failed (attempt 5/5): '_ColorSpacePoint' object has no attribute 'X'
2026-07-08 14:22:59,380 [ERROR] apcs.main: Sensor unresponsive after 5 attempts.
2026-07-08 14:22:59,403 [WARNING] apcs.main: Sensor read failed (attempt 1/5): '_ColorSpacePoint' object has no attribute 'X'
2026-07-08 14:22:59,510 [WARNING] apcs.main: Sensor read failed (attempt 2/5): '_ColorSpacePoint' object has no attribute 'X'
2026-07-08 14:22:59,615 [WARNING] apcs.main: Sensor read failed (attempt 3/5): '_ColorSpacePoint' object has no attribute 'X'
2026-07-08 14:22:59,734 [WARNING] apcs.main: Sensor read failed (attempt 4/5): '_ColorSpacePoint' object has no attribute 'X'
2026-07-08 14:22:59,843 [WARNING] apcs.main: Sensor read failed (attempt 5/5): '_ColorSpacePoint' object has no attribute 'X'
2026-07-08 14:22:59,945 [ERROR] apcs.main: Sensor unresponsive after 5 attempts.
2026-07-08 14:22:59,970 [WARNING] apcs.main: Sensor read failed (attempt 1/5): '_ColorSpacePoint' object has no attribute 'X'
2026-07-08 14:23:00,076 [WARNING] apcs.main: Sensor read failed (attempt 2/5): '_ColorSpacePoint' object has no attribute 'X'
2026-07-08 14:23:00,183 [WARNING] apcs.main: Sensor read failed (attempt 3/5): '_ColorSpacePoint' object has no attribute 'X'
2026-07-08 14:23:00,294 [WARNING] apcs.main: Sensor read failed (attempt 4/5): '_ColorSpacePoint' object has no attribute 'X'
2026-07-08 14:23:00,400 [WARNING] apcs.main: Sensor read failed (attempt 5/5): '_ColorSpacePoint' object has no attribute 'X'
2026-07-08 14:23:00,503 [ERROR] apcs.main: Sensor unresponsive after 5 attempts.
2026-07-08 14:23:00,517 [WARNING] apcs.main: Sensor read failed (attempt 1/5): '_ColorSpacePoint' object has no attribute 'X'
2026-07-08 14:23:00,629 [WARNING] apcs.main: Sensor read failed (attempt 2/5): '_ColorSpacePoint' object has no attribute 'X'
2026-07-08 14:23:00,741 [WARNING] apcs.main: Sensor read failed (attempt 3/5): '_ColorSpacePoint' object has no attribute 'X'
2026-07-08 14:23:00,849 [WARNING] apcs.main: Sensor read failed (attempt 4/5): '_ColorSpacePoint' object has no attribute 'X'
2026-07-08 14:23:00,963 [WARNING] apcs.main: Sensor read failed (attempt 5/5): '_ColorSpacePoint' object has no attribute 'X'
2026-07-08 14:23:01,064 [ERROR] apcs.main: Sensor unresponsive after 5 attempts.
2026-07-08 14:23:01,083 [WARNING] apcs.main: Sensor read failed (attempt 1/5): '_ColorSpacePoint' object has no attribute 'X'
2026-07-08 14:23:01,197 [WARNING] apcs.main: Sensor read failed (attempt 2/5): '_ColorSpacePoint' object has no attribute 'X'
2026-07-08 14:23:01,309 [WARNING] apcs.main: Sensor read failed (attempt 3/5): '_ColorSpacePoint' object has no attribute 'X'
2026-07-08 14:23:01,415 [WARNING] apcs.main: Sensor read failed (attempt 4/5): '_ColorSpacePoint' object has no attribute 'X'
2026-07-08 14:23:01,536 [WARNING] apcs.main: Sensor read failed (attempt 5/5): '_ColorSpacePoint' object has no attribute 'X'
2026-07-08 14:23:01,638 [ERROR] apcs.main: Sensor unresponsive after 5 attempts.
2026-07-08 14:23:01,666 [WARNING] apcs.main: Sensor read failed (attempt 1/5): '_ColorSpacePoint' object has no attribute 'X'
2026-07-08 14:23:01,773 [WARNING] apcs.main: Sensor read failed (attempt 2/5): '_ColorSpacePoint' object has no attribute 'X'
2026-07-08 14:23:01,881 [WARNING] apcs.main: Sensor read failed (attempt 3/5): '_ColorSpacePoint' object has no attribute 'X'
2026-07-08 14:23:01,988 [WARNING] apcs.main: Sensor read failed (attempt 4/5): '_ColorSpacePoint' object has no attribute 'X'
2026-07-08 14:23:02,100 [WARNING] apcs.main: Sensor read failed (attempt 5/5): '_ColorSpacePoint' object has no attribute 'X'
2026-07-08 14:23:02,203 [ERROR] apcs.main: Sensor unresponsive after 5 attempts.
2026-07-08 14:23:02,228 [WARNING] apcs.main: Sensor read failed (attempt 1/5): '_ColorSpacePoint' object has no attribute 'X'
2026-07-08 14:23:02,340 [WARNING] apcs.main: Sensor read failed (attempt 2/5): '_ColorSpacePoint' object has no attribute 'X'
2026-07-08 14:23:02,450 [WARNING] apcs.main: Sensor read failed (attempt 3/5): '_ColorSpacePoint' object has no attribute 'X'
2026-07-08 14:23:02,561 [WARNING] apcs.main: Sensor read failed (attempt 4/5): '_ColorSpacePoint' object has no attribute 'X'
2026-07-08 14:23:02,673 [WARNING] apcs.main: Sensor read failed (attempt 5/5): '_ColorSpacePoint' object has no attribute 'X'
2026-07-08 14:23:02,775 [ERROR] apcs.main: Sensor unresponsive after 5 attempts.
2026-07-08 14:23:02,792 [WARNING] apcs.main: Sensor read failed (attempt 1/5): '_ColorSpacePoint' object has no attribute 'X'
2026-07-08 14:23:02,900 [WARNING] apcs.main: Sensor read failed (attempt 2/5): '_ColorSpacePoint' object has no attribute 'X'
2026-07-08 14:23:03,012 [WARNING] apcs.main: Sensor read failed (attempt 3/5): '_ColorSpacePoint' object has no attribute 'X'
2026-07-08 14:23:03,125 [WARNING] apcs.main: Sensor read failed (attempt 4/5): '_ColorSpacePoint' object has no attribute 'X'
2026-07-08 14:23:03,236 [WARNING] apcs.main: Sensor read failed (attempt 5/5): '_ColorSpacePoint' object has no attribute 'X'
2026-07-08 14:23:03,339 [ERROR] apcs.main: Sensor unresponsive after 5 attempts.
2026-07-08 14:23:03,361 [WARNING] apcs.main: Sensor read failed (attempt 1/5): '_ColorSpacePoint' object has no attribute 'X'
2026-07-08 14:23:03,472 [WARNING] apcs.main: Sensor read failed (attempt 2/5): '_ColorSpacePoint' object has no attribute 'X'
2026-07-08 14:23:03,583 [WARNING] apcs.main: Sensor read failed (attempt 3/5): '_ColorSpacePoint' object has no attribute 'X'
2026-07-08 14:23:03,695 [WARNING] apcs.main: Sensor read failed (attempt 4/5): '_ColorSpacePoint' object has no attribute 'X'
2026-07-08 14:23:03,807 [WARNING] apcs.main: Sensor read failed (attempt 5/5): '_ColorSpacePoint' object has no attribute 'X'
2026-07-08 14:23:03,910 [ERROR] apcs.main: Sensor unresponsive after 5 attempts.
2026-07-08 14:23:03,925 [WARNING] apcs.main: Sensor read failed (attempt 1/5): '_ColorSpacePoint' object has no attribute 'X'
2026-07-08 14:23:04,035 [WARNING] apcs.main: Sensor read failed (attempt 2/5): '_ColorSpacePoint' object has no attribute 'X'
2026-07-08 14:23:04,083 [INFO] apcs.main: APCS stopped.
2026-07-08 14:25:12,783 [INFO] apcs.osc: OSC bridge ready -> 127.0.0.1:7000
2026-07-08 14:25:12,815 [INFO] apcs.video_output: Spout sender 'APCS_Output' ready. In TouchDesigner, add a Spout In TOP and select this sender.
2026-07-08 14:25:19,828 [INFO] apcs.main: ============================================================
2026-07-08 14:25:19,829 [INFO] apcs.main: APCS - Adaptive Projection Calibration System
2026-07-08 14:25:19,830 [INFO] apcs.main: Content  : C:\Users\Admin\Downloads\test.mp4
2026-07-08 14:25:19,831 [INFO] apcs.main: Depth    : kinect_v2
2026-07-08 14:25:19,831 [INFO] apcs.main: Mode     : AVOID
2026-07-08 14:25:19,832 [INFO] apcs.main: Clipping : 50cm - 450cm
2026-07-08 14:25:19,833 [INFO] apcs.main: Smoothing: 5 frames
2026-07-08 14:25:19,833 [INFO] apcs.main: OSC      : enabled -> 127.0.0.1:7000
2026-07-08 14:25:19,834 [INFO] apcs.main: Video out: spout
2026-07-08 14:25:19,835 [INFO] apcs.main: Controls : Q=quit | SPACE=pause | C=recalibrate | O=mode | D=debug
2026-07-08 14:25:19,835 [INFO] apcs.main: ============================================================
2026-07-08 14:29:16,840 [INFO] apcs.main: APCS stopped.
2026-07-08 14:29:52,712 [INFO] apcs.osc: OSC bridge ready -> 127.0.0.1:7000
2026-07-08 14:29:52,730 [INFO] apcs.video_output: Spout sender 'APCS_Output' ready. In TouchDesigner, add a Spout In TOP and select this sender.
2026-07-08 14:29:59,278 [INFO] apcs.main: ============================================================
2026-07-08 14:29:59,279 [INFO] apcs.main: APCS - Adaptive Projection Calibration System
2026-07-08 14:29:59,279 [INFO] apcs.main: Content  : C:\Users\Admin\Downloads\test.mp4
2026-07-08 14:29:59,280 [INFO] apcs.main: Depth    : kinect_v2
2026-07-08 14:29:59,280 [INFO] apcs.main: Mode     : AVOID
2026-07-08 14:29:59,281 [INFO] apcs.main: Clipping : 50cm - 450cm
2026-07-08 14:29:59,282 [INFO] apcs.main: Smoothing: 5 frames
2026-07-08 14:29:59,282 [INFO] apcs.main: OSC      : enabled -> 127.0.0.1:7000
2026-07-08 14:29:59,283 [INFO] apcs.main: Video out: spout
2026-07-08 14:29:59,283 [INFO] apcs.main: Controls : Q=quit | SPACE=pause | C=recalibrate | O=mode | D=debug
2026-07-08 14:29:59,284 [INFO] apcs.main: ============================================================
2026-07-08 14:40:05,468 [INFO] apcs.main: APCS stopped.
